date	profile	test	verdict	rtt_ms	loss_pct	packets	elapsed_ms	note
2026-08-03T06:36:02Z	clean	loopback_call_test.dart	FAIL	0.922	0.0	1168	83463	Because reference_app requires SDK version ^3.12.2, version solving failed. Failed to update packages. 
2026-08-03T06:44:15Z	clean	loopback_call_test.dart	FAIL	0.760	0.0	89	38153	Because reference_app requires SDK version ^3.12.2, version solving failed. Failed to update packages. 
2026-08-03T06:52:07Z	clean	loopback_call_test.dart	INVALID/UNROUTED	51.918	0.0	1	15316	only 1 packets crossed bridge100 — the test did not use the shaped path
2026-08-03T06:53:27Z	clean	loopback_call_test.dart	FAIL	0.859	0.0	16	14594	Because reference_app requires SDK version ^3.12.2, version solving failed. Failed to update packages. 
2026-08-03T06:54:45Z	clean	loopback_call_test.dart	FAIL	0.722	0.0	19	15073	Because reference_app requires SDK version ^3.12.2, version solving failed. Failed to update packages. 
2026-08-03T07:37:10Z	clean	loopback_call_test.dart	PASS	0.347	0.0	688	175774	All tests passed!
2026-08-03T07:49:25Z	normal	loopback_call_test.dart	FAIL	81.054	0.0	10869	726474	This will become an error in a future version of Flutter. Please contact the plugin maintainers to request Swift Package Manager adoption. The mDNS query for an attached iOS device failed. It may be necessary to disable the "Personal Hotspot" on the device, and to ensure that the "Disable unless needed" setting is unchecked under System Preferences > Network > iPhone USB. See https://github.com/flutter/flutter/issues/46698 for details. 
2026-08-03T07:53:32Z	latency	loopback_call_test.dart	PASS	1800.758	0.0	3810	235981	All tests passed!
2026-08-03T08:06:34Z	clean	loopback_call_test.dart	PASS	0.694	0.0	1015	201550	All tests passed!
2026-08-03T08:23:39Z	bandwidth	loopback_call_test.dart	FAIL	89.559	0.0	1914	710723	This will become an error in a future version of Flutter. Please contact the plugin maintainers to request Swift Package Manager adoption. The mDNS query for an attached iOS device failed. It may be necessary to disable the "Personal Hotspot" on the device, and to ensure that the "Disable unless needed" setting is unchecked under System Preferences > Network > iPhone USB. See https://github.com/flutter/flutter/issues/46698 for details. 
2026-08-03T08:57:50Z	clean	sla_thresholds_test.dart	PASS	0.880	0.0	1261	203735	1646	14.0	16.0	0	31	True	All tests passed!
2026-08-03T22:57:04Z	clean	sla_thresholds_test.dart	FAIL	0.918	0.0	457	257513	-	-	-	-	-	-	This will become an error in a future version of Flutter. Please contact the plugin maintainers to request Swift Package Manager adoption. ══╡ EXCEPTION CAUGHT BY FLUTTER TEST FRAMEWORK ╞════════════════════════════════════════════════════ 
2026-08-03T23:29:42Z	clean	sla_thresholds_test.dart	PASS	0.782	0.0	4843	187277	1669	13.0	17.0	0	31	True	All tests passed!
2026-08-03T23:48:22Z	clean	sla_thresholds_test.dart	TOOLING/NO-ATTACH	0.672	0.0	1517	243447	2572	13.0	15.0	0	30	True	Dart VM Service was not discovered
2026-08-04T00:00:30Z	clean	sla_thresholds_test.dart	PLATFORM-STALL	0.690	0.0	233	260133	699	12.0	14.0	0	31	True	native media stack did not come up: 
2026-08-04T00:21:38Z	clean	sla_thresholds_test.dart	TOOLING/NO-ATTACH	0.795	0.0	1754	734978	-	-	-	-	-	-	Dart VM Service was not discovered
2026-08-04T00:47:10Z	clean	sla_thresholds_test.dart	TOOLING/NO-ATTACH	0.715	0.0	689	762835	-	-	-	-	-	-	Dart VM Service was not discovered
2026-08-05T07:21:00Z	clean	loopback_call_test.dart	PLATFORM-STALL	0.825	0.0	192237	219692	-	-	-	-	-	-	native media stack did not come up: 
2026-08-05T07:33:52Z	clean	loopback_call_test.dart	TOOLING/NO-ATTACH	0.765	0.0	230790	744223	-	-	-	-	-	-	Dart VM Service was not discovered
2026-08-05T07:52:51Z	clean	sla_thresholds_test.dart	PASS	0.708	0.0	322	175485	2029	13.0	15.0	0	30	True	All tests passed!
2026-08-05T08:05:04Z	normal	sla_thresholds_test.dart	TOOLING/NO-ATTACH	81.139	0.0	12229	719792	-	-	-	-	-	-	Dart VM Service was not discovered
2026-08-05T08:06:24Z	normal	sla_thresholds_test.dart	INVALID/UNROUTED	80.956	0.0	4	66101	-	-	-	-	-	-	only 4 packets crossed bridge100 — the test did not use the shaped path
2026-08-05T12:17:22Z	latency	sla_thresholds_test.dart	INVALID/UNROUTED	1801.190	0.0	603	134138	-	-	-	-	-	-	only 256 from-peer / 347 to-peer shape-eligible UDP packets crossed bridge100 (need >= 300 each, >= 600 total) — the test did not use the shaped path
2026-08-05T13:12:55Z	latency	sla_thresholds_test.dart	FAIL	1801.056	0.0	1488	165186	-	-	-	-	-	-	
2026-08-05T13:22:06Z	latency	sla_thresholds_test.dart	INVALID/UNROUTED	1800.866	0.0	25	266953	-	-	-	-	-	-	only 25 from-peer / 0 to-peer shape-eligible UDP packets crossed bridge100 (need >= 300 each, >= 600 total) — the test did not use the shaped path
2026-08-05T22:05:01Z	clean	sla_thresholds_test.dart	PLATFORM-STALL	0.678	0.0	1425	231248	-	-	-	-	-	-	native media stack did not come up: 
2026-08-05T22:17:07Z	clean	sla_thresholds_test.dart	TOOLING/NO-ATTACH	0.792	0.0	331	712682	-	-	-	-	-	-	Dart VM Service was not discovered
2026-08-05T22:18:31Z	clean	sla_thresholds_test.dart	INVALID/UNROUTED	0.695	0.0	0	10409	-	-	-	-	-	-	only 0 from-peer / 0 to-peer shape-eligible UDP packets crossed bridge100 (need >= 300 each, >= 600 total) — the test did not use the shaped path
2026-08-05T22:22:45Z	clean	sla_thresholds_test.dart	INVALID/UNROUTED	0.701	0.0	62	162850	-	-	-	-	-	-	only 31 from-peer / 31 to-peer shape-eligible UDP packets crossed bridge100 (need >= 300 each, >= 600 total) — the test did not use the shaped path
2026-08-05T22:40:15Z	clean	sla_thresholds_test.dart	TOOLING/NO-ATTACH	0.760	0.0	152	701359	-	-	-	-	-	-	Dart VM Service was not discovered
2026-08-05T22:44:05Z	clean	sla_thresholds_test.dart	PLATFORM-STALL	0.729	0.0	482	204543	865	11.0	17.0	0	83	True	native media stack did not come up: 
2026-08-05T23:02:10Z	clean	sla_thresholds_test.dart	PASS	0.827	0.0	1730	186059	1872	12.0	14.0	0	82	True	All tests passed!
2026-08-05T23:07:59Z	clean	sla_thresholds_test.dart	PASS	0.814	0.0	1805	332670	1950	11.0	14.0	0	80	True	All tests passed! [attach retried 1x: devicectl launch transiently denied]
2026-08-05T23:09:50Z	clean	sla_thresholds_test.dart	TOOLING/NO-ATTACH	0.721	0.0	4	85688	-	-	-	-	-	-	No tests ran
2026-08-05T23:16:17Z	narrow	sla_thresholds_test.dart	INVALID/UNROUTED	84.679	0.0	132	414278	-	-	-	-	-	-	only 63 from-peer / 69 to-peer shape-eligible UDP packets crossed bridge100 (need >= 300 each, >= 600 total) — the test did not use the shaped path [attach retried 1x: devicectl launch transiently denied]
2026-08-05T23:16:19Z	loss10	sla_thresholds_test.dart	INVALID/UNROUTED	0.736	40.0	0	50753	-	-	-	-	-	-	only 0 from-peer / 0 to-peer shape-eligible UDP packets crossed bridge100 (need >= 300 each, >= 600 total) — the test did not use the shaped path
2026-08-05T23:27:57Z	narrow	sla_thresholds_test.dart	INVALID/UNROUTED	85.349	0.0	182	609244	-	-	-	-	-	-	only 67 from-peer / 115 to-peer shape-eligible UDP packets crossed bridge100 (need >= 300 each, >= 600 total) — the test did not use the shaped path
2026-08-05T23:29:53Z	narrow	sla_thresholds_test.dart	INVALID/UNROUTED	84.501	0.0	0	34341	-	-	-	-	-	-	only 0 from-peer / 0 to-peer shape-eligible UDP packets crossed bridge100 (need >= 300 each, >= 600 total) — the test did not use the shaped path
2026-08-05T23:29:54Z	loss10	sla_thresholds_test.dart	INVALID/UNROUTED	0.685	40.0	10	101613	-	-	-	-	-	-	only 6 from-peer / 4 to-peer shape-eligible UDP packets crossed bridge100 (need >= 300 each, >= 600 total) — the test did not use the shaped path
2026-08-05T23:29:54Z	narrow	sla_thresholds_test.dart	INVALID/UNROUTED	47.594	10.0	10	110030	-	-	-	-	-	-	only 6 from-peer / 4 to-peer shape-eligible UDP packets crossed bridge100 (need >= 300 each, >= 600 total) — the test did not use the shaped path
2026-08-05T23:37:15Z	loss10	sla_thresholds_test.dart	PASS	0.697	10.0	2257	424375	2468	101.0	236.0	0	136	True	All tests passed! [attach retried 2x: devicectl launch transiently denied]
2026-08-05T23:45:50Z	narrow	sla_thresholds_test.dart	TOOLING/NO-ATTACH	85.036	0.0	138	266311	-	-	-	-	-	-	devicectl launch denied -> Xcode fallback (mDNS-only, dead on bridge100); killed early after 2 retries
2026-08-05T23:50:01Z	loss10	sla_thresholds_test.dart	TOOLING/NO-ATTACH	0.762	10.0	54	236518	-	-	-	-	-	-	devicectl launch denied -> Xcode fallback (mDNS-only, dead on bridge100); killed early after 2 retries
2026-08-05T23:54:29Z	loss60	sla_thresholds_test.dart	TOOLING/NO-ATTACH	0.811	80.0	32	254148	-	-	-	-	-	-	devicectl launch denied -> Xcode fallback (mDNS-only, dead on bridge100); killed early after 2 retries
2026-08-05T23:59:26Z	extreme	sla_thresholds_test.dart	TOOLING/NO-ATTACH	2085.416	10.0	53	274101	-	-	-	-	-	-	devicectl launch denied -> Xcode fallback (mDNS-only, dead on bridge100); killed early after 2 retries
2026-08-06T04:39:47Z	narrow	sla_thresholds_test.dart	INVALID/UNROUTED	85.081	0.0	752	251301	-	-	-	-	-	-	only 489 from-peer / 263 to-peer shape-eligible UDP packets crossed bridge100 (need >= 300 each, >= 600 total) — the test did not use the shaped path
2026-08-06T04:43:37Z	loss60	sla_thresholds_test.dart	INVALID/UNROUTED	?	100.0	90	206899	-	-	-	-	-	-	only 76 from-peer / 14 to-peer shape-eligible UDP packets crossed bridge100 (need >= 300 each, >= 600 total) — the test did not use the shaped path
2026-08-06T04:47:37Z	extreme	sla_thresholds_test.dart	INVALID/UNROUTED	2084.836	30.0	103	215879	-	-	-	-	-	-	only 58 from-peer / 45 to-peer shape-eligible UDP packets crossed bridge100 (need >= 300 each, >= 600 total) — the test did not use the shaped path
2026-08-06T04:58:34Z	narrow	sla_thresholds_test.dart	FAIL	84.959	0.0	5404	514354	24217	-	-	100	-	False	The following TestFailure was thrown running a test: Expected: true   Actual: <false> the call was not connected at the end: every number above describes a session that did not survive
2026-08-06T05:03:52Z	loss60	sla_thresholds_test.dart	INVALID/UNROUTED	0.924	90.0	140	303839	-	-	-	-	-	-	only 116 from-peer / 24 to-peer shape-eligible UDP packets crossed bridge100 (need >= 300 each, >= 600 total) — the test did not use the shaped path
2026-08-06T05:09:17Z	extreme	sla_thresholds_test.dart	INVALID/UNROUTED	2085.089	30.0	158	301451	-	-	-	-	-	-	only 87 from-peer / 71 to-peer shape-eligible UDP packets crossed bridge100 (need >= 300 each, >= 600 total) — the test did not use the shaped path
2026-08-06T05:19:57Z	loss60	sla_thresholds_test.dart	INVALID/UNROUTED	0.574	80.0	892	333578	-	-	-	-	-	-	only 725 from-peer / 167 to-peer shape-eligible UDP packets crossed bridge100 (need >= 300 each, >= 600 total) — the test did not use the shaped path
2026-08-06T05:25:18Z	extreme	sla_thresholds_test.dart	INVALID/UNROUTED	2085.659	20.0	394	296202	-	-	-	-	-	-	only 291 from-peer / 103 to-peer shape-eligible UDP packets crossed bridge100 (need >= 300 each, >= 600 total) — the test did not use the shaped path
2026-08-06T05:58:20Z	loss60	sla_thresholds_test.dart	FAIL	0.880	60.0	1556	1509461	-	-	-	-	-	-	
2026-08-06T06:41:58Z	loss60	sla_thresholds_test.dart	INVALID/UNROUTED	0.982	90.0	253	1013709	-	-	-	-	-	-	only 198 from-peer / 55 to-peer shape-eligible UDP packets crossed bridge100 (need >= 300 each, >= 600 total) — the test did not use the shaped path [attach retried 1x: devicectl launch transiently denied]
2026-08-06T07:06:55Z	extreme	sla_thresholds_test.dart	FAIL	2084.685	70.0	916	327059	-	-	-	-	-	-	The following TimeoutException was thrown running a test: connect budget (135s + 5s) exhausted; initiator phase=reconnecting error=TimeoutException after 0:00:15.000000: Timed out while attempting to flush local ICE candidate; receiver phase=reconnecting error=TimeoutException after 0:00:15.000000: Timed out while attempting to request ICE restart
2026-08-06T07:18:03Z	normal	sla_thresholds_test.dart	PASS	80.978	0.0	3221	215393	3079	172.0	176.0	0	286	True	All tests passed!
2026-08-06T09:21:51Z	clean	sla_thresholds_test.dart	PASS	0.933	10.0	2520	267354	1941	12.0	16.0	0	84	True	criterion=sla; All tests passed!
2026-08-06T09:26:42Z	normal	sla_thresholds_test.dart	PASS	81.016	0.0	2990	276563	3298	177.0	184.0	0	182	True	criterion=sla; All tests passed!
2026-08-06T09:33:57Z	latency	sla_thresholds_test.dart	PASS	1801.318	0.0	37810	418528	24787	3614.0	3627.0	0	3627	True	criterion=sla; All tests passed!
2026-08-06T09:40:33Z	bandwidth	sla_thresholds_test.dart	FAIL	43.224	0.0	11801	382513	-	-	-	-	-	-	criterion=sla; 
2026-08-06T10:13:28Z	narrow	sla_thresholds_test.dart	INVALID/UNROUTED	?	100.0	0	1941563	-	-	-	-	-	-	only 0 from-peer / 0 to-peer shape-eligible UDP packets crossed bridge100 (need >= 300 each, >= 600 total) — the test did not use the shaped path
2026-08-06T10:46:07Z	loss10	sla_thresholds_test.dart	INVALID/UNROUTED	?	100.0	0	1925401	-	-	-	-	-	-	only 0 from-peer / 0 to-peer shape-eligible UDP packets crossed bridge100 (need >= 300 each, >= 600 total) — the test did not use the shaped path
2026-08-06T11:18:46Z	loss60	sla_thresholds_test.dart	INVALID/UNROUTED	?	100.0	0	1925995	-	-	-	-	-	-	only 0 from-peer / 0 to-peer shape-eligible UDP packets crossed bridge100 (need >= 300 each, >= 600 total) — the test did not use the shaped path
2026-08-06T17:58:08Z	bandwidth	sla_thresholds_test.dart	PREREQ/MIC-GRANT	43.843	0.0	5814	874349	-	-	-	-	-	-	microphone permission prompt pending on this install — grant it once on the device, then re-run
2026-08-06T18:05:01Z	narrow	sla_thresholds_test.dart	PREREQ/MIC-GRANT	2895.962	90.0	2823	395047	-	-	-	-	-	-	microphone permission prompt pending on this install — grant it once on the device, then re-run
2026-08-06T18:09:41Z	loss10	sla_thresholds_test.dart	PASS	1.161	30.0	3712	268390	1623	15.0	223.0	0	576	True	criterion=sla; All tests passed!
2026-08-06T18:18:53Z	loss60	sla_thresholds_test.dart	TOOLING/NO-ATTACH	1.665	90.0	1194	542520	-	-	-	-	-	-	Dart VM Service was not discovered
2026-08-06T18:26:42Z	extreme	sla_thresholds_test.dart	FAIL/STRESS	9074.373	30.0	2995	450818	-	-	-	-	-	-	criterion=stress(connect<=192s,recovery<=207s,independent); no SLA_SUMMARY: the stress criterion needs measured connect/recovery (run sla_thresholds_test.dart); The following TimeoutException was thrown running a test: connect budget (192s + 5s) exhausted; initiator phase=reconnecting error=TimeoutException after 0:00:44.459000: Timed out while attempting to flush local ICE candidate; receiver phase=reconnecting error=TimeoutException after 0:00:44.459000: Timed out while attempting to send answer
2026-08-06T18:36:47Z	bandwidth	sla_thresholds_test.dart	FAIL	43.443	0.0	12665	548374	34850	1598.0	1598.0	95	-	False	criterion=sla; The following TestFailure was thrown running a test: Expected: true   Actual: <false> the call was not connected at the end: every number above describes a session that did not survive
2026-08-06T18:46:55Z	narrow	sla_thresholds_test.dart	FAIL	85.107	0.0	15576	598517	31300	-	-	100	-	False	criterion=sla; The following TestFailure was thrown running a test: Expected: true   Actual: <false> the call was not connected at the end: every number above describes a session that did not survive
2026-08-06T18:55:57Z	loss60	sla_thresholds_test.dart	INVALID/UNROUTED	?	100.0	231	522482	-	-	-	-	-	-	only 182 from-peer / 49 to-peer shape-eligible UDP packets crossed bridge100 (need >= 300 each, >= 600 total) — the test did not use the shaped path
2026-08-06T19:03:32Z	extreme	sla_thresholds_test.dart	FAIL/STRESS	2085.131	20.0	2465	435469	-	-	-	-	-	-	criterion=stress(connect<=192s,recovery<=207s,independent); no SLA_SUMMARY: the stress criterion needs measured connect/recovery (run sla_thresholds_test.dart); The following TimeoutException was thrown running a test: connect budget (192s + 5s) exhausted; initiator phase=reconnecting error=TimeoutException after 0:00:44.459000: Timed out while attempting to flush local ICE candidate; receiver phase=reconnecting error=TimeoutException after 0:00:44.459000: Timed out while attempting to flush local ICE candidate
2026-08-06T19:20:39Z	bandwidth	sla_thresholds_test.dart	FAIL	23.297	0.0	19946	367688	6644	195.0	2330.0	30	-	False	criterion=sla; The following TestFailure was thrown running a test: Expected: true   Actual: <false> the call was not connected at the end: every number above describes a session that did not survive
2026-08-06T19:28:19Z	narrow	sla_thresholds_test.dart	TOOLING/NO-ATTACH	43.292	0.0	22405	450981	13463	276.0	1133.0	50	-	False	Dart VM Service was not discovered
2026-08-06T19:35:54Z	loss60	sla_thresholds_test.dart	INVALID/UNROUTED	1.091	80.0	237	445324	-	-	-	-	-	-	only 201 from-peer / 36 to-peer shape-eligible UDP packets crossed bridge100 (need >= 300 each, >= 600 total) — the test did not use the shaped path
2026-08-06T19:54:03Z	extreme	sla_thresholds_test.dart	TOOLING/NO-ATTACH	2044.042	10.0	22403	1074352	184648	-	-	100	-	False	mDNS query for an attached iOS device failed.
2026-08-06T20:03:23Z	bandwidth	sla_thresholds_test.dart	PASS	23.253	0.0	15558	289433	6308	3239.0	4538.0	0	5807	True	criterion=sla; All tests passed!
2026-08-06T20:12:40Z	narrow	sla_thresholds_test.dart	FAIL	43.503	0.0	23567	547155	13218	408.0	408.0	95	-	False	criterion=sla; The following TestFailure was thrown running a test: Expected: true   Actual: <false> the call was not connected at the end: every number above describes a session that did not survive
2026-08-06T20:23:01Z	loss60	sla_thresholds_test.dart	INVALID/UNROUTED	1.533	90.0	122	611803	-	-	-	-	-	-	only 106 from-peer / 16 to-peer shape-eligible UDP packets crossed bridge100 (need >= 300 each, >= 600 total) — the test did not use the shaped path
2026-08-06T20:57:52Z	narrow	sla_thresholds_test.dart	FAIL	43.096	0.0	26862	448621	12533	237.0	5066.0	55	-	False	criterion=sla; The following TestFailure was thrown running a test: Expected: true   Actual: <false> the call was not connected at the end: every number above describes a session that did not survive
2026-08-06T21:07:51Z	loss60	sla_thresholds_test.dart	TOOLING/NO-ATTACH	1.258	90.0	530	588637	-	-	-	-	-	-	Dart VM Service was not discovered
2026-08-06T21:16:20Z	extreme	sla_thresholds_test.dart	INVALID/UNROUTED	2043.647	10.0	625	491115	-	-	-	-	-	-	only 268 from-peer / 357 to-peer shape-eligible UDP packets crossed bridge100 (need >= 300 each, >= 600 total) — the test did not use the shaped path
2026-08-06T22:52:35Z	narrow	sla_thresholds_test.dart	PASS	43.510	0.0	5290	384148	38096	499.0	721.0	0	1071	True	criterion=sla; All tests passed!
2026-08-06T22:59:19Z	loss60	sla_thresholds_test.dart	FAIL/STRESS	1.062	90.0	174	394241	-	-	-	-	-	-	criterion=stress(connect<=205s,recovery<=220s,independent); no SLA_SUMMARY: the stress criterion needs measured connect/recovery (run sla_thresholds_test.dart); The following TimeoutException was thrown running a test: connect budget (231s + 5s) exhausted; initiator phase=negotiating error=null; receiver phase=negotiating error=null When the exception was thrown, this was the stack: [media under floor: 129 from-peer / 45 to-peer vs 300/300 — consistent with a call that never connected; routing evidence absent, so an unshaped-path cause is not excluded]
2026-08-06T23:15:36Z	extreme	sla_thresholds_test.dart	PASS/STRESS	2043.686	40.0	30282	956997	90891	8482.0	14325.0	10	11644	True	criterion=stress(connect<=192s,recovery<=207s,independent); survived: connect 90891ms, recovered 11644ms, alive; All tests passed!
2026-08-07T00:14:11Z	loss60	sla_thresholds_test.dart	FAIL/STRESS	1.175	80.0	1206	2988053	-	-	-	-	-	-	criterion=stress(connect<=205s,recovery<=220s,independent); no SLA_SUMMARY: the stress criterion needs measured connect/recovery (run sla_thresholds_test.dart) [attach retried 1x: devicectl launch transiently denied]
2026-08-07T07:46:05Z	loss60	sla_thresholds_test.dart	FAIL/STRESS	?	100.0	13044	640837	-	-	-	-	-	-	criterion=stress(connect<=205s,recovery<=220s,independent); no SLA_SUMMARY: the stress criterion needs measured connect/recovery (run sla_thresholds_test.dart); The following TimeoutException was thrown running a test: connect budget (231s + 5s) exhausted; initiator phase=reconnecting error=CallControllerException(media_disconnected): Media connection became disconnected; receiver phase=reconnecting error=CallControllerException(media_disconnected): Media connection became
2026-08-07T08:00:23Z	loss60	sla_thresholds_test.dart	FAIL/STRESS	1.743	80.0	304	671931	-	-	-	-	-	-	criterion=stress(connect<=205s,recovery<=220s,independent); no SLA_SUMMARY: the stress criterion needs measured connect/recovery (run sla_thresholds_test.dart); The following TimeoutException was thrown running a test: connect budget (231s + 5s) exhausted; initiator phase=reconnecting error=TimeoutException after 0:02:21.500000: Timed out while attempting to send offer; receiver phase=reconnecting error=TimeoutException after 0:02:21.500000: Timed out while attempting to send answer; initiator [media under floor: 242 from-peer / 62 to-peer vs 300/300 — consistent with a call that never connected; routing evidence absent, so an unshaped-path cause is not excluded]
2026-08-07T08:30:24Z	loss60	sla_thresholds_test.dart	FAIL/STRESS	1.140	70.0	551	1423607	-	-	-	-	-	-	criterion=stress(connect<=432s,recovery<=447s,independent); no SLA_SUMMARY: the stress criterion needs measured connect/recovery (run sla_thresholds_test.dart); The following TimeoutException was thrown running a test: connect budget (450s + 5s) exhausted; initiator phase=reconnecting error=TimeoutException after 0:04:52.700000: Timed out while attempting to send offer; receiver phase=reconnecting error=Unable to RTCPeerConnection::setRemoteDescription: Error Failed to set remote offer sdp: Called in wrong [media under floor: 474 from-peer / 77 to-peer vs 300/300 — consistent with a call that never connected; routing evidence absent, so an unshaped-path cause is not excluded] [tooling also coughed in this log: mDNS query for an attached iOS device failed. — after the app's own outcome, not instead of it]
2026-08-07T08:47:34Z	loss60	sla_thresholds_test.dart	FAIL/STRESS	1.267	80.0	683	917538	-	-	-	-	-	-	criterion=stress(connect<=432s,recovery<=447s,independent); no SLA_SUMMARY: the stress criterion needs measured connect/recovery (run sla_thresholds_test.dart); The following TimeoutException was thrown running a test: connect budget (450s + 5s) exhausted; initiator phase=reconnecting error=CallControllerException(initial_connection_timeout): Negotiation did not produce a connected call within one modeled attempt cost (152s); receiver phase=reconnecting [media under floor: 627 from-peer / 56 to-peer vs 300/300 — consistent with a call that never connected; routing evidence absent, so an unshaped-path cause is not excluded] [tooling also coughed in this log: mDNS query for an attached iOS device failed. — after the app's own outcome, not instead of it]
2026-08-07T09:01:03Z	loss60	sla_thresholds_test.dart	FAIL/STRESS	1.169	80.0	118	656188	-	-	-	-	-	-	criterion=stress(connect<=432s,recovery<=447s,independent); no SLA_SUMMARY: the stress criterion needs measured connect/recovery (run sla_thresholds_test.dart); The following TimeoutException was thrown running a test: connect budget (450s + 5s) exhausted; initiator phase=reconnecting error=TimeoutException after 0:02:21.500000: Timed out while attempting to send local ICE candidate; receiver phase=reconnecting error=TimeoutException after 0:02:21.500000: Timed out while attempting to request ICE restart; [media under floor: 100 from-peer / 18 to-peer vs 300/300 — consistent with a call that never connected; routing evidence absent, so an unshaped-path cause is not excluded]
2026-08-07T09:29:23Z	loss60	sla_thresholds_test.dart	FAIL/STRESS	1.060	70.0	585	901925	-	-	-	-	-	-	criterion=stress(connect<=432s,recovery<=447s,independent); no SLA_SUMMARY: the stress criterion needs measured connect/recovery (run sla_thresholds_test.dart); The following TimeoutException was thrown running a test: connect budget (450s + 5s) exhausted; initiator phase=reconnecting error=TimeoutException after 0:02:21.500000: Timed out while attempting to send offer; receiver phase=reconnecting error=TimeoutException after 0:02:21.500000: Timed out while attempting to send local ICE candidate; [media under floor: 538 from-peer / 47 to-peer vs 300/300 — consistent with a call that never connected; routing evidence absent, so an unshaped-path cause is not excluded] [tooling also coughed in this log: mDNS query for an attached iOS device failed. — after the app's own outcome, not instead of it]
2026-08-07T09:45:47Z	loss60	sla_thresholds_test.dart	FAIL/STRESS	?	100.0	342	819023	-	-	-	-	-	-	criterion=stress(connect<=432s,recovery<=447s,independent); no SLA_SUMMARY: the stress criterion needs measured connect/recovery (run sla_thresholds_test.dart); The following TimeoutException was thrown running a test: connect budget (450s + 5s) exhausted; initiator phase=reconnecting error=TimeoutException after 0:02:21.500000: Timed out while attempting to flush local ICE candidate; receiver phase=reconnecting error=TimeoutException after 0:02:21.500000: Timed out while attempting to request ICE restart; [media under floor: 259 from-peer / 83 to-peer vs 300/300 — consistent with a call that never connected; routing evidence absent, so an unshaped-path cause is not excluded] [tooling also coughed in this log: mDNS query for an attached iOS device failed. — after the app's own outcome, not instead of it]
2026-08-07T10:01:16Z	loss60	sla_thresholds_test.dart	FAIL/STRESS	?	100.0	613	806424	-	-	-	-	-	-	criterion=stress(connect<=432s,recovery<=447s,independent); no SLA_SUMMARY: the stress criterion needs measured connect/recovery (run sla_thresholds_test.dart); The following TimeoutException was thrown running a test: connect budget (450s + 5s) exhausted; initiator phase=reconnecting error=TimeoutException after 0:01:13.250000: Timed out while attempting to flush local ICE candidate; receiver phase=reconnecting error=TimeoutException after 0:01:13.250000: Timed out while attempting to request ICE restart; [media under floor: 488 from-peer / 125 to-peer vs 300/300 — consistent with a call that never connected; routing evidence absent, so an unshaped-path cause is not excluded] [tooling also coughed in this log: mDNS query for an attached iOS device failed. — after the app's own outcome, not instead of it]
2026-08-07T10:18:36Z	loss60	sla_thresholds_test.dart	FAIL/STRESS	0.906	90.0	208	682136	-	-	-	-	-	-	criterion=stress(connect<=432s,recovery<=447s,independent); no SLA_SUMMARY: the stress criterion needs measured connect/recovery (run sla_thresholds_test.dart); The following TimeoutException was thrown running a test: connect budget (450s + 5s) exhausted; initiator phase=reconnecting error=TimeoutException after 0:01:13.250000: Timed out while attempting to flush local ICE candidate; receiver phase=reconnecting error=TimeoutException after 0:01:13.250000: Timed out while attempting to request ICE restart; [media under floor: 163 from-peer / 45 to-peer vs 300/300 — consistent with a call that never connected; routing evidence absent, so an unshaped-path cause is not excluded]
2026-08-07T10:31:33Z	loss60	sla_thresholds_test.dart	FAIL/STRESS	?	100.0	184	673164	-	-	-	-	-	-	criterion=stress(connect<=432s,recovery<=447s,independent); no SLA_SUMMARY: the stress criterion needs measured connect/recovery (run sla_thresholds_test.dart); The following TimeoutException was thrown running a test: connect budget (450s + 5s) exhausted; initiator phase=reconnecting error=TimeoutException after 0:01:13.250000: Timed out while attempting to flush local ICE candidate; receiver phase=reconnecting error=TimeoutException after 0:01:13.250000: Timed out while attempting to request ICE restart; [media under floor: 165 from-peer / 19 to-peer vs 300/300 — consistent with a call that never connected; routing evidence absent, so an unshaped-path cause is not excluded]
2026-08-07T10:45:44Z	loss60	sla_thresholds_test.dart	FAIL/STRESS	1.542	80.0	260	700286	-	-	-	-	-	-	criterion=stress(connect<=432s,recovery<=447s,independent); no SLA_SUMMARY: the stress criterion needs measured connect/recovery (run sla_thresholds_test.dart); The following TimeoutException was thrown running a test: connect budget (450s + 5s) exhausted; initiator phase=reconnecting error=TimeoutException after 0:01:13.250000: Timed out while attempting to flush local ICE candidate; receiver phase=reconnecting error=TimeoutException after 0:01:13.250000: Timed out while attempting to send answer; initiator [media under floor: 223 from-peer / 37 to-peer vs 300/300 — consistent with a call that never connected; routing evidence absent, so an unshaped-path cause is not excluded]
2026-08-07T10:57:39Z	loss60	sla_thresholds_test.dart	FAIL/STRESS	0.458	90.0	2441	635269	-	-	-	-	-	-	criterion=stress(connect<=432s,recovery<=447s,independent); no SLA_SUMMARY: the stress criterion needs measured connect/recovery (run sla_thresholds_test.dart); The following TimeoutException was thrown running a test: connect budget (450s + 5s) exhausted; initiator phase=reconnecting error=TimeoutException after 0:01:13.250000: Timed out while attempting to flush local ICE candidate; receiver phase=reconnecting error=TimeoutException after 0:01:13.250000: Timed out while attempting to flush local ICE
2026-08-07T11:11:34Z	loss60	sla_thresholds_test.dart	FAIL/STRESS	1.255	70.0	191	654213	-	-	-	-	-	-	criterion=stress(connect<=432s,recovery<=447s,independent); no SLA_SUMMARY: the stress criterion needs measured connect/recovery (run sla_thresholds_test.dart); The following TimeoutException was thrown running a test: connect budget (450s + 5s) exhausted; initiator phase=reconnecting error=TimeoutException after 0:01:13.250000: Timed out while attempting to flush local ICE candidate; receiver phase=reconnecting error=TimeoutException after 0:01:13.250000: Timed out while attempting to flush local ICE [media under floor: 126 from-peer / 65 to-peer vs 300/300 — consistent with a call that never connected; routing evidence absent, so an unshaped-path cause is not excluded]
2026-08-07T11:46:14Z	loss60	sla_thresholds_test.dart	FAIL/STRESS	1.149	70.0	52915	1868545	185988	10590.0	23568.0	80	-	False	criterion=stress(connect<=432s,recovery<=447s,independent); recovery never reached connected; not alive at end; The following TestFailure was thrown running a test: Expected: true   Actual: <false> the call was not connected at the end: every number above describes a session that did not survive [tooling also coughed in this log: mDNS query for an attached iOS device failed. — after the app's own outcome, not instead of it]
2026-08-07T11:59:58Z	loss60	sla_thresholds_test.dart	FAIL/STRESS	2.021	80.0	840	708197	-	-	-	-	-	-	criterion=stress(connect<=432s,recovery<=447s,independent); no SLA_SUMMARY: the stress criterion needs measured connect/recovery (run sla_thresholds_test.dart); The following TimeoutException was thrown running a test: connect budget (450s + 5s) exhausted; initiator phase=reconnecting error=TimeoutException after 0:01:13.250000: Timed out while attempting to send local ICE candidate; receiver phase=reconnecting error=CallControllerException(reconnect_connection_timeout): Media did not reconnect within the [media under floor: 745 from-peer / 95 to-peer vs 300/300 — consistent with a call that never connected; routing evidence absent, so an unshaped-path cause is not excluded]
2026-08-07T12:04:21Z	clean	sla_thresholds_test.dart	PASS	1.129	0.0	1929	212569	2902	20.0	31.0	0	91	True	criterion=sla; All tests passed!
2026-08-07T12:07:52Z	normal	sla_thresholds_test.dart	PASS	81.291	0.0	2816	195836	6068	183.0	187.0	0	353	True	criterion=sla; All tests passed!
2026-08-07T12:14:07Z	latency	sla_thresholds_test.dart	PASS	1801.704	0.0	39052	358306	28999	3620.0	3625.0	0	5539	True	criterion=sla; All tests passed!
2026-08-07T12:19:17Z	bandwidth	sla_thresholds_test.dart	PASS	23.475	0.0	10616	295312	5994	368.0	13588.0	0	15875	True	criterion=sla; All tests passed!
2026-08-07T12:24:17Z	narrow	sla_thresholds_test.dart	PASS	43.455	0.0	4804	285284	12231	337.0	477.0	0	1120	True	criterion=sla; All tests passed!
2026-08-07T12:27:36Z	loss10	sla_thresholds_test.dart	PASS	1.182	30.0	2873	182569	5126	26.0	478.0	0	95	True	criterion=sla; All tests passed!
2026-08-07T12:38:23Z	loss60	sla_thresholds_test.dart	FAIL/STRESS	1.220	80.0	640	631735	-	-	-	-	-	-	criterion=stress(connect<=432s,recovery<=447s,independent); no SLA_SUMMARY: the stress criterion needs measured connect/recovery (run sla_thresholds_test.dart); The following TimeoutException was thrown running a test: connect budget (450s + 5s) exhausted; initiator phase=reconnecting error=CallControllerException(reconnect_connection_timeout): Media did not reconnect within the connection timeout; receiver phase=reconnecting [media under floor: 568 from-peer / 72 to-peer vs 300/300 — consistent with a call that never connected; routing evidence absent, so an unshaped-path cause is not excluded]
2026-08-07T13:01:40Z	extreme	sla_thresholds_test.dart	FAIL/STRESS	2044.396	20.0	59575	1377096	171337	13047.0	19707.0	48	-	False	criterion=stress(connect<=195s,recovery<=210s,independent); recovery never reached connected; not alive at end; The following TestFailure was thrown running a test: Expected: true   Actual: <false> the call was not connected at the end: every number above describes a session that did not survive [tooling also coughed in this log: mDNS query for an attached iOS device failed. — after the app's own outcome, not instead of it]
2026-08-07T13:15:00Z	loss60	sla_thresholds_test.dart	FAIL/STRESS	1.096	70.0	929	742534	-	-	-	-	-	-	criterion=stress(connect<=432s,recovery<=447s,independent); no SLA_SUMMARY: the stress criterion needs measured connect/recovery (run sla_thresholds_test.dart); The following TimeoutException was thrown running a test: connect budget (450s + 5s) exhausted; initiator phase=reconnecting error=TimeoutException after 0:01:13.250000: Timed out while attempting to send offer; receiver phase=reconnecting error=TimeoutException after 0:01:13.250000: Timed out while attempting to request ICE restart; [media under floor: 808 from-peer / 121 to-peer vs 300/300 — consistent with a call that never connected; routing evidence absent, so an unshaped-path cause is not excluded] [tooling also coughed in this log: mDNS query for an attached iOS device failed. — after the app's own outcome, not instead of it]
2026-08-07T13:30:31Z	extreme	sla_thresholds_test.dart	FAIL/STRESS	2043.022	10.0	35146	915487	64934	7740.0	15822.0	10	-	True	criterion=stress(connect<=195s,recovery<=210s,independent); recovery never reached connected [tooling also coughed in this log: mDNS query for an attached iOS device failed. — after the app's own outcome, not instead of it]
2026-08-07T13:34:36Z	clean	messaging_survival_test.dart	FAIL	1.032	0.0	9765	233874	-	-	-	-	-	-	criterion=msg-survival(all delivered + intact; times recorded as baseline); text None/5; photo not intact; voice not intact; text p50 Nonems max Nonems; photo 49152B in Nonems; voice 24576B in Nonems; The following TimeoutException was thrown running a test: text 0 not delivered within 30s When the exception was thrown, this was the stack: #0      main.<anonymous closure>.waitUntil.<anonymous closure> (file:///Users/behnam/Downloads/voice_call_kit_v3/apps/reference_app/integration_test/messaging_survival_test.dart:270:32)
2026-08-07T13:39:27Z	clean	messaging_survival_test.dart	PASS	1.119	0.0	852	156009	-	-	-	-	-	-	criterion=msg-survival(all delivered + intact; times recorded as baseline); delivered intact: text p50 2.0ms max 447ms; photo 49152B in 38ms; voice 24576B in 11ms; All tests passed!
2026-08-07T13:43:04Z	clean	messaging_survival_test.dart	INVALID/UNROUTED	1.171	0.0	525	187551	-	-	-	-	-	-	only 263 from-peer / 262 to-peer shape-eligible UDP packets crossed bridge100 (need >= 300 each, >= 600 total) — the test did not use the shaped path
2026-08-07T13:46:37Z	clean	messaging_survival_test.dart	PASS	1.331	0.0	579	151443	-	-	-	-	-	-	criterion=msg-survival(all delivered + intact; times recorded as baseline); delivered intact: text p50 1.0ms max 500ms; photo 49152B in 35ms; voice 24576B in 10ms; All tests passed!
2026-08-07T13:50:24Z	normal	messaging_survival_test.dart	PASS	81.290	0.0	1135	213870	-	-	-	-	-	-	criterion=msg-survival(all delivered + intact; times recorded as baseline); delivered intact: text p50 89.0ms max 968ms; photo 49152B in 627ms; voice 24576B in 261ms; All tests passed!
2026-08-07T13:56:18Z	latency	messaging_survival_test.dart	FAIL	1801.597	0.0	30791	338538	-	-	-	-	-	-	criterion=msg-survival(all delivered + intact; times recorded as baseline); voice not intact; text p50 1809.0ms max 16357ms; photo 49152B in 36544ms; voice 24576B in Nonems; The following TimeoutException was thrown running a test: voice not delivered within 60s When the exception was thrown, this was the stack: #0      main.<anonymous closure>.waitUntil.<anonymous closure> (file:///Users/behnam/Downloads/voice_call_kit_v3/apps/reference_app/integration_test/messaging_survival_test.dart:287:32)
2026-08-07T14:00:57Z	bandwidth	messaging_survival_test.dart	PASS	23.372	0.0	9673	265584	-	-	-	-	-	-	criterion=msg-survival(all delivered + intact; times recorded as baseline); delivered intact: text p50 986.0ms max 4868ms; photo 49152B in 31181ms; voice 24576B in 63450ms; All tests passed!
2026-08-07T14:07:53Z	narrow	messaging_survival_test.dart	FAIL	43.624	10.0	11340	401487	-	-	-	-	-	-	criterion=msg-survival(all delivered + intact; times recorded as baseline); voice not intact; text p50 2085.0ms max 7604ms; photo 49152B in 84394ms; voice 24576B in Nonems; The following TimeoutException was thrown running a test: voice not delivered within 111s When the exception was thrown, this was the stack: #0      main.<anonymous closure>.waitUntil.<anonymous closure> (file:///Users/behnam/Downloads/voice_call_kit_v3/apps/reference_app/integration_test/messaging_survival_test.dart:287:32)
2026-08-07T14:10:55Z	loss10	messaging_survival_test.dart	PASS	1.341	20.0	2881	166942	-	-	-	-	-	-	criterion=msg-survival(all delivered + intact; times recorded as baseline); delivered intact: text p50 6.0ms max 3432ms; photo 49152B in 882ms; voice 24576B in 2403ms; All tests passed!
2026-08-07T14:23:35Z	loss60	messaging_survival_test.dart	FAIL/STRESS	1.413	90.0	439	744152	-	-	-	-	-	-	criterion=msg-survival(all delivered + intact; times recorded as baseline); text None/5; photo not intact; voice not intact; text p50 Nonems max Nonems; photo 49152B in Nonems; voice 24576B in Nonems; The following TimeoutException was thrown running a test: connect budget (450s + 5s) exhausted; initiator phase=reconnecting error=CallControllerException(reconnect_connection_timeout): Media did not reconnect within the connection timeout; receiver phase=reconnecting error=TimeoutException after 0:01:13.250000: Timed [media under floor: 368 from-peer / 71 to-peer vs 150/150 — consistent with a call that never connected; routing evidence absent, so an unshaped-path cause is not excluded]
2026-08-07T14:30:38Z	extreme	messaging_survival_test.dart	FAIL/STRESS	2043.572	10.0	1070	404367	-	-	-	-	-	-	criterion=msg-survival(all delivered + intact; times recorded as baseline); text None/5; photo not intact; voice not intact; text p50 Nonems max Nonems; photo 49152B in Nonems; voice 24576B in Nonems; The following TimeoutException was thrown running a test: connect budget (195s + 5s) exhausted; initiator phase=reconnecting error=CallControllerException(reconnect_connection_timeout): Media did not reconnect within the connection timeout; receiver phase=reconnecting error=CallControllerException(media_failed): Media
2026-08-07T14:37:56Z	latency	messaging_survival_test.dart	PASS	1801.099	0.0	34516	316995	-	-	-	-	-	-	criterion=msg-survival(all delivered + intact; times recorded as baseline); delivered intact: text p50 1808.0ms max 16224ms; photo 49152B in 36543ms; voice 24576B in 76392ms; All tests passed!
2026-08-07T14:45:06Z	narrow	messaging_survival_test.dart	FAIL	43.509	0.0	11785	421571	-	-	-	-	-	-	criterion=msg-survival(all delivered + intact; times recorded as baseline); voice not intact; text p50 2156.0ms max 11707ms; photo 49152B in 87438ms; voice 24576B in Nonems; The following TimeoutException was thrown running a test: voice not delivered within 120s When the exception was thrown, this was the stack: #0      main.<anonymous closure>.waitUntil.<anonymous closure> (file:///Users/behnam/Downloads/voice_call_kit_v3/apps/reference_app/integration_test/messaging_survival_test.dart:296:32)
2026-08-07T14:57:52Z	loss60	messaging_survival_test.dart	FAIL/STRESS	?	100.0	330	746613	-	-	-	-	-	-	criterion=msg-survival(all delivered + intact; times recorded as baseline); text None/5; photo not intact; voice not intact; text p50 Nonems max Nonems; photo 49152B in Nonems; voice 24576B in Nonems; The following TimeoutException was thrown running a test: connect budget (450s + 5s) exhausted; initiator phase=reconnecting error=TimeoutException after 0:01:13.250000: Timed out while attempting to flush local ICE candidate; receiver phase=reconnecting error=TimeoutException after 0:01:13.250000: Timed out while attempting to request ICE restart [media under floor: 278 from-peer / 52 to-peer vs 150/150 — consistent with a call that never connected; routing evidence absent, so an unshaped-path cause is not excluded] [tooling also coughed in this log: mDNS query for an attached iOS device failed. — after the app's own outcome, not instead of it]
2026-08-07T15:03:54Z	extreme	messaging_survival_test.dart	FAIL/STRESS	2049.768	30.0	678	348042	-	-	-	-	-	-	criterion=msg-survival(all delivered + intact; times recorded as baseline); text None/5; photo not intact; voice not intact; text p50 Nonems max Nonems; photo 49152B in Nonems; voice 24576B in Nonems; The following TimeoutException was thrown running a test: connect budget (195s + 5s) exhausted; initiator phase=reconnecting error=Unable to RTCPeerConnection::setRemoteDescription: Error Failed to set remote answer sdp: The order of m-lines in answer doesn't match order in offer. Rejecting answer.; receiver phase=reconnecting error=Unable
2026-08-07T15:13:50Z	narrow	messaging_survival_test.dart	FAIL	43.510	0.0	10849	458086	-	-	-	-	-	-	criterion=msg-survival(all delivered + intact; times recorded as baseline); voice not intact; text p50 1968.0ms max 11398ms; photo 49152B in 60072ms; voice 24576B in Nonems; The following TimeoutException was thrown running a test: voice not delivered within 171s When the exception was thrown, this was the stack: #0      main.<anonymous closure>.waitUntil.<anonymous closure> (file:///Users/behnam/Downloads/voice_call_kit_v3/apps/reference_app/integration_test/messaging_survival_test.dart:300:32)
2026-08-07T17:31:30Z	narrow	messaging_survival_test.dart	FAIL	43.503	0.0	576	246874	-	-	-	-	-	-	criterion=msg-survival(all delivered + intact; times recorded as baseline); text None/5; photo not intact; voice not intact; text p50 Nonems max Nonems; photo 49152B in Nonems; voice 24576B in Nonems; The following TimeoutException was thrown running a test: connect budget (57s + 5s) exhausted; initiator phase=reconnecting error=Unable to RTCPeerConnection::setRemoteDescription: Error Failed to set remote answer sdp: The order of m-lines in answer doesn't match order in offer. Rejecting answer.; receiver phase=reconnecting error=Unable
2026-08-07T17:44:49Z	narrow	messaging_survival_test.dart	FAIL	43.060	0.0	10321	721064	-	-	-	-	-	-	criterion=msg-survival(all delivered + intact; times recorded as baseline); photo not intact; voice not intact; text p50 2624.0ms max 11303ms; photo 49152B in Nonems; voice 24576B in Nonems; The following StateError was thrown running a test: Bad state: attachment photo chunk 1 failed delivery (failed) When the exception was thrown, this was the stack: #0      startAttachmentSend.<anonymous closure> (package:messaging/src/attachment_transfer.dart:290:11)
2026-08-07T17:58:41Z	loss60	sla_thresholds_test.dart	TOOLING/NO-ATTACH	?	100.0	25868	813066	-	-	-	-	-	-	mDNS query for an attached iOS device failed.
2026-08-07T18:07:19Z	narrow	messaging_survival_test.dart	PASS	43.270	0.0	12619	432964	-	-	-	-	-	-	criterion=msg-survival(all delivered + intact; times recorded as baseline); delivered intact: text p50 1627.0ms max 10916ms; photo 49152B in 110004ms; voice 24576B in 32065ms; All tests passed!
2026-08-07T18:43:54Z	loss60	sla_thresholds_test.dart	FAIL/STRESS	1.096	90.0	107165	2183343	311593	20319.0	20319.0	95	-	False	criterion=stress(connect<=432s,recovery<=447s,independent); recovery never reached connected; not alive at end; The following TestFailure was thrown running a test: Expected: true   Actual: <false> the call was not connected at the end: every number above describes a session that did not survive [tooling also coughed in this log: mDNS query for an attached iOS device failed. — after the app's own outcome, not instead of it]
2026-08-08T02:12:36Z	loss60	sla_thresholds_test.dart	FAIL/STRESS	1.110	80.0	1031	661992	-	-	-	-	-	-	criterion=stress(connect<=432s,recovery<=447s,independent); no SLA_SUMMARY: the stress criterion needs measured connect/recovery (run sla_thresholds_test.dart); The following TimeoutException was thrown running a test: connect budget (450s + 5s) exhausted; initiator phase=reconnecting error=TimeoutException after 0:01:13.250000: Timed out while attempting to send local ICE candidate; receiver phase=reconnecting error=TimeoutException after 0:01:13.250000: Timed out while attempting to send local ICE candidate; [media under floor: 871 from-peer / 160 to-peer vs 300/300 — consistent with a call that never connected; routing evidence absent, so an unshaped-path cause is not excluded]
2026-08-08T02:25:48Z	extreme	sla_thresholds_test.dart	PASS/STRESS	2043.254	10.0	22686	769703	63684	7546.0	13015.0	0	7547	True	criterion=stress(connect<=195s,recovery<=210s,independent); survived: connect 63684ms, recovered 7547ms, alive; All tests passed!
2026-08-08T02:32:00Z	clean	video_survival_test.dart	PASS	1.050	0.0	195631	263936	-	-	-	-	-	-	criterion=video-survival(delivered + sha256; times recorded as baseline); delivered sha-verified: 67108864B in 32674ms (16431 kbps, 0/4096 chunks resumed); All tests passed!
2026-08-08T02:44:49Z	loss60	sla_thresholds_test.dart	FAIL/STRESS	1.139	90.0	604	758270	-	-	-	-	-	-	criterion=stress(connect<=432s,recovery<=447s,independent); no SLA_SUMMARY: the stress criterion needs measured connect/recovery (run sla_thresholds_test.dart); The following TimeoutException was thrown running a test: connect budget (450s + 5s) exhausted; initiator phase=reconnecting error=TimeoutException after 0:01:13.250000: Timed out while attempting to send offer; receiver phase=reconnecting error=CallControllerException(reconnect_connection_timeout): Media did not reconnect within the [media under floor: 500 from-peer / 104 to-peer vs 300/300 — consistent with a call that never connected; routing evidence absent, so an unshaped-path cause is not excluded] [tooling also coughed in this log: mDNS query for an attached iOS device failed. — after the app's own outcome, not instead of it]
2026-08-08T02:53:07Z	normal	video_survival_test.dart	PASS	81.822	0.0	244905	460473	-	-	-	-	-	-	criterion=video-survival(delivered + sha256; times recorded as baseline); delivered sha-verified: 67108864B in 223816ms (2399 kbps, 0/4096 chunks resumed); All tests passed!
2026-08-08T03:22:19Z	bandwidth	video_survival_test.dart	FAIL	23.222	0.0	135158	1742282	-	-	-	-	-	-	criterion=video-survival(delivered + sha256; times recorded as baseline); not delivered/verified: 8388608B in Nonems (None kbps, None/None chunks resumed); The following TimeoutException was thrown running a test: video not delivered within 1500s When the exception was thrown, this was the stack: #0      main.<anonymous closure>.<anonymous closure> (file:///Users/behnam/Downloads/voice_call_kit_v3/apps/reference_app/integration_test/video_survival_test.dart:214:28) [tooling also coughed in this log: mDNS query for an attached iOS device failed. — after the app's own outcome, not instead of it]
2026-08-08T03:27:46Z	loss10	video_survival_test.dart	PASS	1.448	10.0	44079	316846	-	-	-	-	-	-	criterion=video-survival(delivered + sha256; times recorded as baseline); delivered sha-verified: 4194304B in 73952ms (454 kbps, 0/256 chunks resumed); All tests passed!
2026-08-08T03:38:44Z	loss60	sla_thresholds_test.dart	FAIL/STRESS	1.320	80.0	1674	647162	-	-	-	-	-	-	criterion=stress(connect<=432s,recovery<=447s,independent); no SLA_SUMMARY: the stress criterion needs measured connect/recovery (run sla_thresholds_test.dart); The following TimeoutException was thrown running a test: connect budget (450s + 5s) exhausted; initiator phase=reconnecting error=CallControllerException(media_failed): Media connection became failed; receiver phase=reconnecting error=TimeoutException after 0:01:13.250000: Timed out while attempting to send [media under floor: 1442 from-peer / 232 to-peer vs 300/300 — consistent with a call that never connected; routing evidence absent, so an unshaped-path cause is not excluded]
2026-08-08T03:50:37Z	loss60	sla_thresholds_test.dart	FAIL/STRESS	1.322	90.0	674	702067	-	-	-	-	-	-	criterion=stress(connect<=432s,recovery<=447s,independent); no SLA_SUMMARY: the stress criterion needs measured connect/recovery (run sla_thresholds_test.dart); The following TimeoutException was thrown running a test: connect budget (450s + 5s) exhausted; initiator phase=reconnecting error=TimeoutException after 0:01:13.250000: Timed out while attempting to flush local ICE candidate; receiver phase=reconnecting error=CallControllerException(media_failed): Media connection became failed; initiator timeline: 0s [media under floor: 594 from-peer / 80 to-peer vs 300/300 — consistent with a call that never connected; routing evidence absent, so an unshaped-path cause is not excluded]
2026-08-08T03:55:25Z	bandwidth	video_survival_test.dart	INVALID/UNROUTED	23.346	0.0	68	213850	-	-	-	-	-	-	only 26 from-peer / 42 to-peer shape-eligible UDP packets crossed bridge100 (need >= 300 each, >= 600 total) — the test did not use the shaped path
2026-08-08T04:09:20Z	loss60	sla_thresholds_test.dart	FAIL/STRESS	1.210	90.0	354	824538	-	-	-	-	-	-	criterion=stress(connect<=432s,recovery<=447s,independent); no SLA_SUMMARY: the stress criterion needs measured connect/recovery (run sla_thresholds_test.dart); The following TimeoutException was thrown running a test: connect budget (450s + 5s) exhausted; initiator phase=reconnecting error=TimeoutException after 0:01:13.250000: Timed out while attempting to send local ICE candidate; receiver phase=reconnecting error=TimeoutException after 0:01:13.250000: Timed out while attempting to send answer; initiator [media under floor: 297 from-peer / 57 to-peer vs 300/300 — consistent with a call that never connected; routing evidence absent, so an unshaped-path cause is not excluded] [tooling also coughed in this log: mDNS query for an attached iOS device failed. — after the app's own outcome, not instead of it]
2026-08-08T04:39:39Z	bandwidth	video_survival_test.dart	FAIL	23.487	0.0	12873	1703653	-	-	-	-	-	-	criterion=video-survival(delivered + sha256; times recorded as baseline); not delivered/verified: 864000B in Nonems (None kbps, None/None chunks resumed); The following TimeoutException was thrown running a test: video not delivered within 1500s When the exception was thrown, this was the stack: #0      main.<anonymous closure>.<anonymous closure> (file:///Users/behnam/Downloads/voice_call_kit_v3/apps/reference_app/integration_test/video_survival_test.dart:224:28) [tooling also coughed in this log: mDNS query for an attached iOS device failed. — after the app's own outcome, not instead of it]
2026-08-08T04:46:41Z	latency	video_survival_test.dart	FAIL	1801.566	0.0	38595	410781	-	-	-	-	-	-	criterion=video-survival(delivered + sha256; times recorded as baseline); not delivered/verified: 8388608B in Nonems (None kbps, None/None chunks resumed); The following TimeoutException was thrown running a test: video not delivered within 152s When the exception was thrown, this was the stack: #0      main.<anonymous closure>.<anonymous closure> (file:///Users/behnam/Downloads/voice_call_kit_v3/apps/reference_app/integration_test/video_survival_test.dart:224:28)
2026-08-08T05:02:50Z	latency	video_survival_test.dart	FAIL	1801.462	0.0	170662	809140	-	-	-	-	-	-	criterion=video-survival(delivered + sha256; times recorded as baseline); not delivered/verified: 8388608B in Nonems (None kbps, None/None chunks resumed); The following TimeoutException was thrown running a test: video not delivered within 580s (helloAcked=true, ackedChunks=167) When the exception was thrown, this was the stack: #0      main.<anonymous closure>.<anonymous closure> (file:///Users/behnam/Downloads/voice_call_kit_v3/apps/reference_app/integration_test/video_survival_test.dart:234:13) [tooling also coughed in this log: mDNS query for an attached iOS device failed. — after the app's own outcome, not instead of it]
2026-08-08T05:30:58Z	bandwidth	video_survival_test.dart	FAIL	23.513	0.0	137144	1677460	-	-	-	-	-	-	criterion=video-survival(delivered + sha256; times recorded as baseline); not delivered/verified: 864000B in Nonems (None kbps, None/None chunks resumed); The following TimeoutException was thrown running a test: video not delivered within 1500s (helloAcked=true, ackedChunks=45) When the exception was thrown, this was the stack: #0      main.<anonymous closure>.<anonymous closure> (file:///Users/behnam/Downloads/voice_call_kit_v3/apps/reference_app/integration_test/video_survival_test.dart:234:13) [tooling also coughed in this log: mDNS query for an attached iOS device failed. — after the app's own outcome, not instead of it]
2026-08-08T05:46:40Z	latency	video_survival_test.dart	FAIL	1801.478	0.0	171710	833753	-	-	-	-	-	-	criterion=video-survival(delivered + sha256; times recorded as baseline); not delivered/verified: 8388608B in Nonems (None kbps, None/None chunks resumed); The following TimeoutException was thrown running a test: video not delivered within 580s (helloAcked=true, ackedChunks=163) When the exception was thrown, this was the stack: #0      main.<anonymous closure>.<anonymous closure> (file:///Users/behnam/Downloads/voice_call_kit_v3/apps/reference_app/integration_test/video_survival_test.dart:241:13) [tooling also coughed in this log: mDNS query for an attached iOS device failed. — after the app's own outcome, not instead of it]
2026-08-08T06:14:40Z	bandwidth	video_survival_test.dart	FAIL	493.210	10.0	76490	1669649	-	-	-	-	-	-	criterion=video-survival(delivered + sha256; times recorded as baseline); not delivered/verified: 864000B in Nonems (None kbps, None/None chunks resumed); The following TimeoutException was thrown running a test: video not delivered within 1500s (helloAcked=true, ackedChunks=37) When the exception was thrown, this was the stack: #0      main.<anonymous closure>.<anonymous closure> (file:///Users/behnam/Downloads/voice_call_kit_v3/apps/reference_app/integration_test/video_survival_test.dart:241:13) [tooling also coughed in this log: mDNS query for an attached iOS device failed. — after the app's own outcome, not instead of it]
2026-08-08T06:46:12Z	bandwidth	video_survival_test.dart	FAIL	23.087	0.0	136236	1759759	-	-	-	-	-	-	criterion=video-survival(delivered + sha256; times recorded as baseline); not delivered/verified: 864000B in Nonems (None kbps, None/None chunks resumed); The following TimeoutException was thrown running a test: video not delivered within 1500s (helloAcked=true, ackedChunks=50, senderCh=[open], receiverCh=[open], phases=connected/connected) When the exception was thrown, this was the stack: [tooling also coughed in this log: mDNS query for an attached iOS device failed. — after the app's own outcome, not instead of it]
2026-08-08T06:56:12Z	bandwidth	video_survival_test.dart	PASS	23.347	0.0	29647	497342	-	-	-	-	-	-	criterion=video-survival(delivered + sha256; times recorded as baseline); delivered sha-verified: 864000B in 324879ms (21 kbps, 0/53 chunks resumed); All tests passed!
2026-08-08T07:10:17Z	latency	video_survival_test.dart	FAIL	1801.522	0.0	142466	833662	-	-	-	-	-	-	criterion=video-survival(delivered + sha256; times recorded as baseline); not delivered/verified: 8388608B in Nonems (None kbps, None/None chunks resumed); The following TimeoutException was thrown running a test: video not delivered within 580s (helloAcked=true, ackedChunks=84, senderCh=[open], receiverCh=[open], phases=connected/connected) When the exception was thrown, this was the stack: [tooling also coughed in this log: mDNS query for an attached iOS device failed. — after the app's own outcome, not instead of it]
2026-08-08T08:05:18Z	latency	video_survival_test.dart	TOOLING/NO-ATTACH	1800.846	0.0	2520	3214542	-	-	-	-	-	-	Dart VM Service was not discovered
2026-08-08T08:19:47Z	latency	video_survival_test.dart	FAIL	1801.047	0.0	158626	821969	-	-	-	-	-	-	criterion=video-survival(delivered + sha256; times recorded as baseline); not delivered/verified: 8388608B in Nonems (None kbps, None/None chunks resumed); The following TimeoutException was thrown running a test: video not delivered within 580s (helloAcked=true, ackedChunks=278, senderCh=[open], receiverCh=[open], phases=connected/connected) When the exception was thrown, this was the stack: [tooling also coughed in this log: mDNS query for an attached iOS device failed. — after the app's own outcome, not instead of it]
2026-08-08T08:35:39Z	latency	video_survival_test.dart	FAIL	1801.349	0.0	156095	825990	-	-	-	-	-	-	criterion=video-survival(delivered + sha256; times recorded as baseline); not delivered/verified: 8388608B in Nonems (None kbps, None/None chunks resumed); The following TimeoutException was thrown running a test: video not delivered within 580s (helloAcked=true, ackedChunks=253, senderCh=[open], receiverCh=[open], phases=connected/connected) When the exception was thrown, this was the stack: [tooling also coughed in this log: mDNS query for an attached iOS device failed. — after the app's own outcome, not instead of it]
2026-08-08T09:05:05Z	bandwidth	video_survival_test.dart	FAIL	23.397	0.0	136739	1756712	-	-	-	-	-	-	criterion=video-survival(delivered + sha256; times recorded as baseline); not delivered/verified: 864000B in Nonems (None kbps, None/None chunks resumed); The following TimeoutException was thrown running a test: video not delivered within 1500s (helloAcked=true, ackedChunks=40, senderCh=[open], receiverCh=[open], phases=connected/connected) When the exception was thrown, this was the stack: [tooling also coughed in this log: mDNS query for an attached iOS device failed. — after the app's own outcome, not instead of it]
2026-08-08T09:23:35Z	bandwidth	video_survival_test.dart	PASS	23.765	0.0	45458	757460	-	-	-	-	-	-	criterion=video-survival(delivered + sha256; times recorded as baseline); delivered sha-verified: 864000B in 507490ms (14 kbps, 0/53 chunks resumed); All tests passed!
2026-08-08T09:37:23Z	latency	video_survival_test.dart	FAIL	1801.614	0.0	158335	816205	-	-	-	-	-	-	criterion=video-survival(delivered + sha256; times recorded as baseline); not delivered/verified: 8388608B in Nonems (None kbps, None/None chunks resumed); The following TimeoutException was thrown running a test: video not delivered within 580s (helloAcked=true, ackedChunks=292, senderCh=[open], receiverCh=[open], phases=connected/connected) When the exception was thrown, this was the stack: [tooling also coughed in this log: mDNS query for an attached iOS device failed. — after the app's own outcome, not instead of it]
2026-08-08T13:09:19Z	latency	video_survival_test.dart	FAIL	1801.392	0.0	160774	863107	-	-	-	-	-	-	criterion=video-survival(delivered + sha256; times recorded as baseline); not delivered/verified: 8388608B in Nonems (None kbps, None/None chunks resumed); The following TimeoutException was thrown running a test: video not delivered within 580s (helloAcked=true, ackedChunks=308, senderCh=[open], receiverCh=[open], phases=connected/connected) When the exception was thrown, this was the stack: [tooling also coughed in this log: Dart VM Service was not discovered — after the app's own outcome, not instead of it]
2026-08-08T13:41:21Z	latency	video_survival_test.dart	FAIL	1801.812	0.0	170165	847670	-	-	-	-	-	-	criterion=video-survival(delivered + sha256; times recorded as baseline); not delivered/verified: 8388608B in Nonems (None kbps, None/None chunks resumed); The following TimeoutException was thrown running a test: video not delivered within 580s (helloAcked=true, ackedChunks=367, srtt=0ms rttvar=0ms minRtt=-1ms rate=83kbps acked=367 retx=391, senderCh=[open], receiverCh=[open], phases=connected/connected) When the exception was thrown, this was the stack:
2026-08-08T13:52:11Z	latency	video_survival_test.dart	FAIL	1801.606	0.0	21390	353150	-	-	-	-	-	-	criterion=video-survival(delivered + sha256; times recorded as baseline); not delivered/verified: 8388608B in Nonems (None kbps, None/None chunks resumed); The following ArgumentError was thrown running a test: Invalid argument(s): 120117 When the exception was thrown, this was the stack: #0      int.clamp (dart:core-patch/integers.dart:273:7) [tooling also coughed in this log: Dart VM Service was not discovered — after the app's own outcome, not instead of it]
2026-08-08T14:08:22Z	latency	video_survival_test.dart	FAIL	1801.255	0.0	155462	827608	-	-	-	-	-	-	criterion=video-survival(delivered + sha256; times recorded as baseline); not delivered/verified: 8388608B in Nonems (None kbps, None/None chunks resumed); The following TimeoutException was thrown running a test: video not delivered within 580s (helloAcked=true, ackedChunks=440, srtt=4270ms rttvar=304ms minRtt=3683ms rate=99kbps acked=440 retx=11, senderCh=[open], receiverCh=[open], phases=connected/connected)
2026-08-08T14:24:56Z	latency	video_survival_test.dart	PASS	1801.233	0.0	138841	742792	-	-	-	-	-	-	criterion=video-survival(delivered + sha256; times recorded as baseline); delivered sha-verified: 8388608B in 490181ms (137 kbps, 0/512 chunks resumed); All tests passed!
2026-08-08T14:53:45Z	narrow	video_survival_test.dart	FAIL	43.296	0.0	6960	1699116	-	-	-	-	-	-	criterion=video-survival(delivered + sha256; times recorded as baseline); not delivered/verified: 524288B in Nonems (None kbps, None/None chunks resumed); The following TimeoutException was thrown running a test: video not delivered within 1500s (helloAcked=false, ackedChunks=0, srtt=0ms rttvar=0ms minRtt=-1ms rate=0kbps acked=0 retx=0, senderCh=[], receiverCh=[], phases=failed/failed) When the exception was thrown, this was the stack:
2026-08-08T15:25:39Z	narrow	video_survival_test.dart	FAIL	43.461	0.0	11116	1760311	-	-	-	-	-	-	criterion=video-survival(delivered + sha256; times recorded as baseline); not delivered/verified: 524288B in Nonems (None kbps, None/None chunks resumed); The following TimeoutException was thrown running a test: video not delivered within 1500s (helloAcked=true, ackedChunks=5, srtt=36424ms rttvar=18212ms minRtt=36424ms rate=4kbps acked=5 retx=5, senderCh=[open, closing, closed], receiverCh=[open], phases=failed/failed)
2026-08-08T15:58:01Z	narrow	video_survival_test.dart	FAIL	43.448	0.0	10815	1742559	-	-	-	-	-	-	criterion=video-survival(delivered + sha256; times recorded as baseline); not delivered/verified: 524288B in Nonems (None kbps, None/None chunks resumed); The following TimeoutException was thrown running a test: video not delivered within 1500s (helloAcked=true, ackedChunks=15, srtt=36563ms rttvar=17164ms minRtt=21473ms rate=3kbps acked=15 retx=7, senderCh=[open, closing, closed], receiverCh=[open], phases=failed/failed)
2026-08-08T16:19:27Z	narrow	video_survival_test.dart	PASS	43.203	0.0	5941	474688	-	-	-	-	-	-	criterion=video-survival(delivered + sha256; times recorded as baseline); delivered sha-verified: 524288B in 268619ms (16 kbps, 0/132 chunks resumed); All tests passed!
2026-08-08T16:52:53Z	narrow	video_survival_test.dart	FAIL	43.839	0.0	13663	1729106	-	-	-	-	-	-	criterion=video-survival(delivered + sha256; times recorded as baseline); not delivered/verified: 524288B in Nonems (None kbps, None/None chunks resumed); The following TimeoutException was thrown running a test: video not delivered within 1500s (helloAcked=true, ackedChunks=30, srtt=38829ms rttvar=18579ms minRtt=20155ms rate=6kbps acked=30 retx=4, senderCh=[open], receiverCh=[open], phases=failed/failed) When the exception was thrown, this was the stack: [tooling also coughed in this log: Dart VM Service was not discovered — after the app's own outcome, not instead of it]
2026-08-08T17:23:26Z	narrow	video_survival_test.dart	FAIL	43.197	0.0	35087	1731765	-	-	-	-	-	-	criterion=video-survival(delivered + sha256; times recorded as baseline); not delivered/verified: 524288B in Nonems (None kbps, None/None chunks resumed); The following TimeoutException was thrown running a test: video not delivered within 1500s (helloAcked=true, ackedChunks=0, srtt=0ms rttvar=0ms minRtt=-1ms rate=0kbps acked=0 retx=0, senderCh=[open, closing, closed], receiverCh=[open], phases=failed/failed)
2026-08-08T17:53:43Z	narrow	video_survival_test.dart	FAIL	48.791	0.0	18873	1679370	-	-	-	-	-	-	criterion=video-survival(delivered + sha256; times recorded as baseline); not delivered/verified: 524288B in Nonems (None kbps, None/None chunks resumed); The following TimeoutException was thrown running a test: video not delivered within 1500s (helloAcked=true, ackedChunks=19, srtt=16141ms rttvar=20021ms minRtt=2231ms rate=3kbps acked=19 retx=1, senderCh=[open, closing, closed], receiverCh=[open], phases=failed/failed)
2026-08-08T18:19:58Z	narrow	video_survival_test.dart	PASS	43.683	0.0	51319	1373678	-	-	-	-	-	-	criterion=video-survival(delivered + sha256; times recorded as baseline); delivered sha-verified: 524288B in 1140916ms (4 kbps, 0/132 chunks resumed); All tests passed!
2026-08-08T18:32:53Z	loss60	video_survival_test.dart	FAIL/STRESS	?	100.0	323	722333	-	-	-	-	-	-	criterion=video-survival(delivered + sha256; times recorded as baseline); not delivered/verified: 4194304B in Nonems (None kbps, None/None chunks resumed); The following TimeoutException was thrown running a test: connect budget (450s + 5s) exhausted; initiator: 0s connecting -> 9s negotiating -> 164s reconnecting [CallControllerException(initial_connection_timeout): Negotiation did not produce a conn...]; receiver: 0s connecting -> 10s negotiating -> 126s reconnecting [TimeoutException after [media under floor: 256 from-peer / 67 to-peer vs 300/300 — consistent with a call that never connected; routing evidence absent, so an unshaped-path cause is not excluded]
2026-08-08T18:48:23Z	loss60	video_survival_test.dart	FAIL/STRESS	1.143	70.0	1703	871465	-	-	-	-	-	-	criterion=video-survival(delivered + sha256; times recorded as baseline); not delivered/verified: 4194304B in Nonems (None kbps, None/None chunks resumed); The following TimeoutException was thrown running a test: connect budget (450s + 5s) exhausted; initiator: 0s connecting -> 3s negotiating -> 388s reconnecting [CallControllerException(initial_connection_timeout): Negotiation did not produce a conn...]; receiver: 0s connecting -> 1s negotiating -> 175s reconnecting [TimeoutException after [media under floor: 1574 from-peer / 129 to-peer vs 300/300 — consistent with a call that never connected; routing evidence absent, so an unshaped-path cause is not excluded]
2026-08-08T19:02:44Z	clean	video_survival_test.dart	TOOLING/NO-ATTACH	1.031	0.0	666	791980	-	-	-	-	-	-	Dart VM Service was not discovered
2026-08-08T19:36:40Z	clean	video_survival_test.dart	PASS	1.132	0.0	183226	221684	-	-	-	-	-	-	criterion=video-survival(delivered + sha256; times recorded as baseline); delivered sha-verified: 67108864B in 12528ms (42854 kbps, 0/4096 chunks resumed); All tests passed!
2026-08-08T19:41:46Z	normal	video_survival_test.dart	FAIL	81.468	0.0	480	296756	-	-	-	-	-	-	criterion=video-survival(delivered + sha256; times recorded as baseline); not delivered/verified: 67108864B in Nonems (None kbps, None/None chunks resumed); The following TimeoutException was thrown running a test: connect budget (30s + 5s) exhausted; initiator: 0s connecting -> 9s negotiating -> 30s reconnecting [TimeoutException after 0:00:15.000000: Timed out while attempting to send offer] -> 32s reconnecting [Unable to RTCPeerConnection::setRemoteDescription: Error Failed to set remote answer [media under floor: 267 from-peer / 213 to-peer vs 300/300 — consistent with a call that never connected; routing evidence absent, so an unshaped-path cause is not excluded]
2026-08-08T19:45:57Z	loss10	video_survival_test.dart	PASS	1.095	50.0	23138	239819	-	-	-	-	-	-	criterion=video-survival(delivered + sha256; times recorded as baseline); delivered sha-verified: 4194304B in 8901ms (3770 kbps, 0/256 chunks resumed); All tests passed!
2026-08-08T20:04:32Z	bandwidth	video_survival_test.dart	PASS	23.502	0.0	38272	1105301	-	-	-	-	-	-	criterion=video-survival(delivered + sha256; times recorded as baseline); delivered sha-verified: 864000B in 878406ms (8 kbps, 0/108 chunks resumed); All tests passed!
2026-08-08T20:08:46Z	normal	video_survival_test.dart	PASS	80.865	0.0	202286	198431	-	-	-	-	-	-	criterion=video-survival(delivered + sha256; times recorded as baseline); delivered sha-verified: 67108864B in 53480ms (10039 kbps, 0/4096 chunks resumed); All tests passed!
2026-08-08T20:29:55Z	loss60	video_survival_test.dart	FAIL/STRESS	1.016	90.0	1335	798922	-	-	-	-	-	-	criterion=video-survival(delivered + sha256; times recorded as baseline); not delivered/verified: 4194304B in Nonems (None kbps, None/None chunks resumed); The following TimeoutException was thrown running a test: connect budget (450s + 5s) exhausted; initiator: 0s connecting -> 5s negotiating -> 139s reconnecting [TimeoutException after 0:01:13.250000: Timed out while attempting to send local ICE can...] -> 155s reconnecting [CallControllerException(media_failed): Media connection became failed] [media under floor: 1236 from-peer / 99 to-peer vs 300/300 — consistent with a call that never connected; routing evidence absent, so an unshaped-path cause is not excluded] [tooling also coughed in this log: mDNS query for an attached iOS device failed. — after the app's own outcome, not instead of it]
2026-08-08T20:50:36Z	loss60	video_survival_test.dart	FAIL/STRESS	?	100.0	755	807316	-	-	-	-	-	-	criterion=video-survival(delivered + sha256; times recorded as baseline); not delivered/verified: 4194304B in Nonems (None kbps, None/None chunks resumed); The following TimeoutException was thrown running a test: connect budget (450s + 5s) exhausted; initiator: 0s connecting -> 9s negotiating; receiver: 0s connecting -> 5s negotiating -> 280s reconnecting [CallControllerException(initial_connection_timeout): Negotiation did not produce a conn...] -> 400s [media under floor: 656 from-peer / 99 to-peer vs 300/300 — consistent with a call that never connected; routing evidence absent, so an unshaped-path cause is not excluded] [tooling also coughed in this log: mDNS query for an attached iOS device failed. — after the app's own outcome, not instead of it]
2026-08-08T21:06:55Z	loss60	video_survival_test.dart	FAIL/STRESS	1.377	60.0	744	875619	-	-	-	-	-	-	criterion=video-survival(delivered + sha256; times recorded as baseline); not delivered/verified: 4194304B in Nonems (None kbps, None/None chunks resumed); The following TimeoutException was thrown running a test: connect budget (450s + 5s) exhausted; initiator: 0s connecting -> 9s negotiating -> 229s reconnecting [CallControllerException(initial_connection_timeout): Negotiation did not produce a conn...] -> 303s reconnecting [TimeoutException after 0:01:13.250000: Timed out while attempting to [media under floor: 675 from-peer / 69 to-peer vs 300/300 — consistent with a call that never connected; routing evidence absent, so an unshaped-path cause is not excluded] [tooling also coughed in this log: Dart VM Service was not discovered — after the app's own outcome, not instead of it]
2026-08-08T21:20:02Z	loss60	video_survival_test.dart	FAIL/STRESS	1.135	90.0	3113	775018	-	-	-	-	-	-	criterion=video-survival(delivered + sha256; times recorded as baseline); not delivered/verified: 4194304B in Nonems (None kbps, None/None chunks resumed); The following TimeoutException was thrown running a test: connect budget (450s + 5s) exhausted; initiator: 0s connecting -> 4s negotiating -> 274s reconnecting [CallControllerException(media_disconnected): Media connection became disconnected] -> 282s reconnecting [CallControllerException(media_disconnected): Media connection became [tooling also coughed in this log: mDNS query for an attached iOS device failed. — after the app's own outcome, not instead of it]
2026-08-08T21:44:12Z	loss60	video_survival_test.dart	FAIL/STRESS	1.442	80.0	94132	1439406	-	-	-	-	-	-	criterion=video-survival(delivered + sha256; times recorded as baseline); not delivered/verified: 4194304B in Nonems (None kbps, None/None chunks resumed); The following TimeoutException was thrown running a test: video not delivered within 790s (helloAcked=false, ackedChunks=0, srtt=0ms rttvar=0ms minRtt=-1ms rate=0kbps acked=0 retx=0, senderCh=[], receiverCh=[], phases=reconnecting/reconnecting) When the exception was thrown, this was the stack: [tooling also coughed in this log: Dart VM Service was not discovered — after the app's own outcome, not instead of it]
2026-08-08T22:07:38Z	loss60	video_survival_test.dart	FAIL/STRESS	?	100.0	579	872386	-	-	-	-	-	-	criterion=video-survival(delivered + sha256; times recorded as baseline); not delivered/verified: 4194304B in Nonems (None kbps, None/None chunks resumed); The following TimeoutException was thrown running a test: connect budget (450s + 5s) exhausted; initiator: 0s connecting -> 10s negotiating -> 156s reconnecting [CallControllerException(initial_connection_timeout): Negotiation did not produce a conn...] -> 230s reconnecting [TimeoutException after 0:01:13.250000: Timed out while attempting to [media under floor: 438 from-peer / 141 to-peer vs 300/300 — consistent with a call that never connected; routing evidence absent, so an unshaped-path cause is not excluded] [tooling also coughed in this log: Dart VM Service was not discovered — after the app's own outcome, not instead of it]
2026-08-08T22:21:33Z	loss60	video_survival_test.dart	FAIL/STRESS	1.427	90.0	288	823970	-	-	-	-	-	-	criterion=video-survival(delivered + sha256; times recorded as baseline); not delivered/verified: 4194304B in Nonems (None kbps, None/None chunks resumed); The following TimeoutException was thrown running a test: connect budget (450s + 5s) exhausted; initiator: 0s connecting -> 10s negotiating -> 229s reconnecting [CallControllerException(initial_connection_timeout): Negotiation did not produce a conn...] -> 303s reconnecting [TimeoutException after 0:01:13.250000: Timed out while attempting to [media under floor: 218 from-peer / 70 to-peer vs 300/300 — consistent with a call that never connected; routing evidence absent, so an unshaped-path cause is not excluded] [tooling also coughed in this log: Dart VM Service was not discovered — after the app's own outcome, not instead of it]
2026-08-08T22:36:57Z	loss60	video_survival_test.dart	FAIL/STRESS	?	100.0	341	904103	-	-	-	-	-	-	criterion=video-survival(delivered + sha256; times recorded as baseline); not delivered/verified: 4194304B in Nonems (None kbps, None/None chunks resumed); The following TimeoutException was thrown running a test: connect budget (450s + 5s) exhausted; initiator: 0s connecting -> 9s negotiating -> 158s reconnecting [CallControllerException(initial_connection_timeout): Negotiation did not produce a conn...] -> 232s reconnecting [TimeoutException after 0:01:13.250000: Timed out while attempting to [media under floor: 296 from-peer / 45 to-peer vs 300/300 — consistent with a call that never connected; routing evidence absent, so an unshaped-path cause is not excluded] [tooling also coughed in this log: mDNS query for an attached iOS device failed. — after the app's own outcome, not instead of it]
2026-08-08T22:52:17Z	loss60	video_survival_test.dart	FAIL/STRESS	1.259	90.0	390	907931	-	-	-	-	-	-	criterion=video-survival(delivered + sha256; times recorded as baseline); not delivered/verified: 4194304B in Nonems (None kbps, None/None chunks resumed); The following TimeoutException was thrown running a test: connect budget (450s + 5s) exhausted; initiator: 0s connecting -> 10s negotiating -> 229s reconnecting [CallControllerException(initial_connection_timeout): Negotiation did not produce a conn...] -> 303s reconnecting [TimeoutException after 0:01:13.250000: Timed out while attempting to [media under floor: 317 from-peer / 73 to-peer vs 300/300 — consistent with a call that never connected; routing evidence absent, so an unshaped-path cause is not excluded] [tooling also coughed in this log: Dart VM Service was not discovered — after the app's own outcome, not instead of it]
2026-08-08T23:07:31Z	loss60	video_survival_test.dart	FAIL/STRESS	1.150	70.0	415	799488	-	-	-	-	-	-	criterion=video-survival(delivered + sha256; times recorded as baseline); not delivered/verified: 4194304B in Nonems (None kbps, None/None chunks resumed); The following TimeoutException was thrown running a test: connect budget (450s + 5s) exhausted; initiator: 0s connecting -> 9s negotiating -> 86s reconnecting [CallControllerException(initial_connection_timeout): Negotiation did not produce a conn...] -> 160s reconnecting [TimeoutException after 0:01:13.250000: Timed out while attempting to send offer] -> [media under floor: 366 from-peer / 49 to-peer vs 300/300 — consistent with a call that never connected; routing evidence absent, so an unshaped-path cause is not excluded] [tooling also coughed in this log: mDNS query for an attached iOS device failed. — after the app's own outcome, not instead of it]
2026-08-08T23:12:00Z	loss60	video_survival_test.dart	TOOLING/NO-ATTACH	0.943	70.0	67	258545	-	-	-	-	-	-	flutter could not attach to the device
2026-08-08T23:27:39Z	loss60	video_survival_test.dart	FAIL/STRESS	1.163	80.0	327	927175	-	-	-	-	-	-	criterion=video-survival(delivered + sha256; times recorded as baseline); not delivered/verified: 4194304B in Nonems (None kbps, None/None chunks resumed); The following TimeoutException was thrown running a test: connect budget (450s + 5s) exhausted; initiator: 0s connecting -> 9s negotiating -> 229s reconnecting [CallControllerException(initial_connection_timeout): Negotiation did not produce a conn...] -> 303s reconnecting [TimeoutException after 0:01:13.250000: Timed out while attempting to [media under floor: 267 from-peer / 60 to-peer vs 300/300 — consistent with a call that never connected; routing evidence absent, so an unshaped-path cause is not excluded] [tooling also coughed in this log: mDNS query for an attached iOS device failed. — after the app's own outcome, not instead of it]
2026-08-08T23:43:12Z	loss60	video_survival_test.dart	FAIL/STRESS	0.923	90.0	610	849535	-	-	-	-	-	-	criterion=video-survival(delivered + sha256; times recorded as baseline); not delivered/verified: 4194304B in Nonems (None kbps, None/None chunks resumed); The following TimeoutException was thrown running a test: connect budget (450s + 5s) exhausted; initiator: 0s connecting -> 9s negotiating -> 155s reconnecting [CallControllerException(initial_connection_timeout): Negotiation did not produce a conn...] -> 229s reconnecting [TimeoutException after 0:01:13.250000: Timed out while attempting to [media under floor: 501 from-peer / 109 to-peer vs 300/300 — consistent with a call that never connected; routing evidence absent, so an unshaped-path cause is not excluded] [tooling also coughed in this log: mDNS query for an attached iOS device failed. — after the app's own outcome, not instead of it]
2026-08-08T23:56:54Z	loss60	video_survival_test.dart	FAIL/STRESS	0.844	90.0	241	681386	-	-	-	-	-	-	criterion=video-survival(delivered + sha256; times recorded as baseline); not delivered/verified: 4194304B in Nonems (None kbps, None/None chunks resumed); The following TimeoutException was thrown running a test: connect budget (450s + 5s) exhausted; initiator: 0s connecting -> 9s negotiating -> 156s reconnecting [CallControllerException(initial_connection_timeout): Negotiation did not produce a conn...] -> 230s reconnecting [TimeoutException after 0:01:13.250000: Timed out while attempting to [media under floor: 179 from-peer / 62 to-peer vs 300/300 — consistent with a call that never connected; routing evidence absent, so an unshaped-path cause is not excluded]
2026-08-09T00:22:04Z	loss60	video_survival_test.dart	FAIL/STRESS	1.017	80.0	1343	963424	-	-	-	-	-	-	criterion=video-survival(delivered + sha256; times recorded as baseline); not delivered/verified: 4194304B in Nonems (None kbps, None/None chunks resumed); The following TimeoutException was thrown running a test: connect budget (450s + 5s) exhausted; initiator: 0s connecting -> 9s negotiating -> 229s reconnecting [CallControllerException(initial_connection_timeout): Negotiation did not produce a conn...] -> 303s reconnecting [TimeoutException after 0:01:13.250000: Timed out while attempting to [media under floor: 1061 from-peer / 282 to-peer vs 300/300 — consistent with a call that never connected; routing evidence absent, so an unshaped-path cause is not excluded] [tooling also coughed in this log: mDNS query for an attached iOS device failed. — after the app's own outcome, not instead of it]
2026-08-09T00:34:33Z	loss60	video_survival_test.dart	FAIL/STRESS	0.902	90.0	258	730994	-	-	-	-	-	-	criterion=video-survival(delivered + sha256; times recorded as baseline); not delivered/verified: 4194304B in Nonems (None kbps, None/None chunks resumed); The following TimeoutException was thrown running a test: connect budget (450s + 5s) exhausted; initiator: 0s connecting -> 9s negotiating -> 229s reconnecting [CallControllerException(initial_connection_timeout): Negotiation did not produce a conn...] -> 303s reconnecting [TimeoutException after 0:01:13.250000: Timed out while attempting to [media under floor: 196 from-peer / 62 to-peer vs 300/300 — consistent with a call that never connected; routing evidence absent, so an unshaped-path cause is not excluded]
2026-08-09T00:44:20Z	loss60	video_survival_test.dart	INVALID/UNROUTED	1.048	80.0	343	568983	-	-	-	-	-	-	only 255 from-peer / 88 to-peer shape-eligible UDP packets crossed bridge100 (need >= 300 each, >= 600 total) — the test did not use the shaped path
2026-08-09T00:57:57Z	loss60	video_survival_test.dart	FAIL/STRESS	1.254	80.0	5450	798305	-	-	-	-	-	-	criterion=video-survival(delivered + sha256; times recorded as baseline); not delivered/verified: 4194304B in Nonems (None kbps, None/None chunks resumed); The following TimeoutException was thrown running a test: connect budget (450s + 5s) exhausted; initiator: 0s connecting -> 2s negotiating -> 111s reconnecting [CallControllerException(media_failed): Media connection became failed] -> 129s reconnecting [CallControllerException(media_failed): Media connection became failed] -> 161s
2026-08-09T01:17:45Z	loss60	video_survival_test.dart	FAIL/STRESS	1.147	70.0	2863	750357	-	-	-	-	-	-	criterion=video-survival(delivered + sha256; times recorded as baseline); not delivered/verified: 4194304B in Nonems (None kbps, None/None chunks resumed); The following TimeoutException was thrown running a test: connect budget (450s + 5s) exhausted; initiator: 0s connecting -> 8s negotiating -> 41s reconnecting [CallControllerException(media_failed): Media connection became failed] -> 118s reconnecting [CallControllerException(reconnect_connection_timeout): Media did not reconnect within t...] -> 192s
2026-08-09T01:32:55Z	loss60	video_survival_test.dart	FAIL/STRESS	0.919	80.0	664	892229	-	-	-	-	-	-	criterion=video-survival(delivered + sha256; times recorded as baseline); not delivered/verified: 4194304B in Nonems (None kbps, None/None chunks resumed); The following TimeoutException was thrown running a test: connect budget (450s + 5s) exhausted; initiator: 0s connecting -> 9s negotiating -> 303s reconnecting [CallControllerException(initial_connection_timeout): Negotiation did not produce a conn...] -> 376s reconnecting [TimeoutException after 0:01:13.250000: Timed out while attempting to [media under floor: 532 from-peer / 132 to-peer vs 300/300 — consistent with a call that never connected; routing evidence absent, so an unshaped-path cause is not excluded]
2026-08-09T01:39:03Z	loss60	loopback_call_test.dart	INVALID/UNROUTED	?	100.0	454	322974	-	-	-	-	-	-	only 344 from-peer / 110 to-peer shape-eligible UDP packets crossed bridge100 (need >= 300 each, >= 600 total) — the test did not use the shaped path
2026-08-09T01:46:37Z	loss60	loopback_call_test.dart	INVALID/UNROUTED	?	100.0	643	427149	-	-	-	-	-	-	only 583 from-peer / 60 to-peer shape-eligible UDP packets crossed bridge100 (need >= 300 each, >= 600 total) — the test did not use the shaped path
2026-08-09T01:52:24Z	loss60	loopback_call_test.dart	INVALID/UNROUTED	1.181	80.0	182	330665	-	-	-	-	-	-	only 143 from-peer / 39 to-peer shape-eligible UDP packets crossed bridge100 (need >= 300 each, >= 600 total) — the test did not use the shaped path
2026-08-09T01:58:08Z	loss60	loopback_call_test.dart	INVALID/UNROUTED	0.949	90.0	275	326738	-	-	-	-	-	-	only 222 from-peer / 53 to-peer shape-eligible UDP packets crossed bridge100 (need >= 300 each, >= 600 total) — the test did not use the shaped path
2026-08-09T02:03:32Z	loss60	loopback_call_test.dart	INVALID/UNROUTED	0.936	90.0	251	306670	-	-	-	-	-	-	only 202 from-peer / 49 to-peer shape-eligible UDP packets crossed bridge100 (need >= 300 each, >= 600 total) — the test did not use the shaped path
2026-08-09T02:07:45Z	loss60	loopback_call_test.dart	INVALID/UNROUTED	1.082	90.0	401	235449	-	-	-	-	-	-	only 353 from-peer / 48 to-peer shape-eligible UDP packets crossed bridge100 (need >= 300 each, >= 600 total) — the test did not use the shaped path
2026-08-09T02:14:13Z	loss60	loopback_call_test.dart	INVALID/UNROUTED	1.214	70.0	384	370092	-	-	-	-	-	-	only 269 from-peer / 115 to-peer shape-eligible UDP packets crossed bridge100 (need >= 300 each, >= 600 total) — the test did not use the shaped path
2026-08-09T02:17:23Z	loss60	loopback_call_test.dart	INVALID/UNROUTED	0.965	70.0	269	173330	-	-	-	-	-	-	only 226 from-peer / 43 to-peer shape-eligible UDP packets crossed bridge100 (need >= 300 each, >= 600 total) — the test did not use the shaped path
2026-08-09T02:30:34Z	loss60	sla_thresholds_test.dart	FAIL/STRESS	?	100.0	1462	763902	-	-	-	-	-	-	criterion=stress(connect<=432s,recovery<=447s,independent); no SLA_SUMMARY: the stress criterion needs measured connect/recovery (run sla_thresholds_test.dart); The following TimeoutException was thrown running a test: connect budget (450s + 5s) exhausted; initiator phase=reconnecting error=TimeoutException after 0:01:13.250000: Timed out while attempting to send offer; receiver phase=reconnecting error=TimeoutException after 0:01:13.250000: Timed out while attempting to send answer; initiator [media under floor: 1314 from-peer / 148 to-peer vs 300/300 — consistent with a call that never connected; routing evidence absent, so an unshaped-path cause is not excluded]
2026-08-09T02:45:01Z	loss60	sla_thresholds_test.dart	FAIL/STRESS	?	100.0	29408	840288	-	-	-	-	-	-	criterion=stress(connect<=432s,recovery<=447s,independent); no SLA_SUMMARY: the stress criterion needs measured connect/recovery (run sla_thresholds_test.dart); The following TimeoutException was thrown running a test: connect budget (450s + 5s) exhausted; initiator phase=reconnecting error=TimeoutException after 0:01:13.250000: Timed out while attempting to send offer; receiver phase=reconnecting error=TimeoutException after 0:01:13.250000: Timed out while attempting to request ICE restart;
2026-08-09T02:59:18Z	loss60	sla_thresholds_test.dart	FAIL/STRESS	0.956	80.0	728	839460	-	-	-	-	-	-	criterion=stress(connect<=432s,recovery<=447s,independent); no SLA_SUMMARY: the stress criterion needs measured connect/recovery (run sla_thresholds_test.dart); The following TimeoutException was thrown running a test: connect budget (450s + 5s) exhausted; initiator phase=reconnecting error=TimeoutException after 0:01:13.250000: Timed out while attempting to send local ICE candidate; receiver phase=reconnecting error=CallControllerException(media_failed): Media connection became failed; initiator timeline: 0s [media under floor: 626 from-peer / 102 to-peer vs 300/300 — consistent with a call that never connected; routing evidence absent, so an unshaped-path cause is not excluded]
2026-08-09T03:10:33Z	loss60	sla_thresholds_test.dart	FAIL/STRESS	1.004	70.0	625	657404	-	-	-	-	-	-	criterion=stress(connect<=432s,recovery<=447s,independent); no SLA_SUMMARY: the stress criterion needs measured connect/recovery (run sla_thresholds_test.dart); The following TimeoutException was thrown running a test: connect budget (450s + 5s) exhausted; initiator phase=reconnecting error=CallControllerException(reconnect_connection_timeout): Media did not reconnect within the connection timeout; receiver phase=reconnecting [media under floor: 504 from-peer / 121 to-peer vs 300/300 — consistent with a call that never connected; routing evidence absent, so an unshaped-path cause is not excluded]
2026-08-09T03:22:14Z	loss60	sla_thresholds_test.dart	FAIL/STRESS	1.071	80.0	458	683707	-	-	-	-	-	-	criterion=stress(connect<=432s,recovery<=447s,independent); no SLA_SUMMARY: the stress criterion needs measured connect/recovery (run sla_thresholds_test.dart); The following TimeoutException was thrown running a test: connect budget (450s + 5s) exhausted; initiator phase=reconnecting error=TimeoutException after 0:01:13.250000: Timed out while attempting to flush local ICE candidate; receiver phase=reconnecting error=TimeoutException after 0:01:13.250000: Timed out while attempting to request ICE restart; [media under floor: 380 from-peer / 78 to-peer vs 300/300 — consistent with a call that never connected; routing evidence absent, so an unshaped-path cause is not excluded]
2026-08-09T03:34:19Z	loss60	sla_thresholds_test.dart	FAIL/STRESS	0.951	70.0	406	708022	-	-	-	-	-	-	criterion=stress(connect<=432s,recovery<=447s,independent); no SLA_SUMMARY: the stress criterion needs measured connect/recovery (run sla_thresholds_test.dart); The following TimeoutException was thrown running a test: connect budget (450s + 5s) exhausted; initiator phase=reconnecting error=CallControllerException(reconnect_connection_timeout): Media did not reconnect within the connection timeout; receiver phase=reconnecting error=TimeoutException after 0:01:13.250000: Timed [media under floor: 340 from-peer / 66 to-peer vs 300/300 — consistent with a call that never connected; routing evidence absent, so an unshaped-path cause is not excluded]
2026-08-09T03:45:06Z	loss60	messaging_survival_test.dart	FAIL/STRESS	?	100.0	186	620364	-	-	-	-	-	-	criterion=msg-survival(all delivered + intact; times recorded as baseline); text None/5; photo not intact; voice not intact; text p50 Nonems max Nonems; photo 49152B in Nonems; voice 24576B in Nonems; The following TimeoutException was thrown running a test: connect budget (450s + 5s) exhausted; initiator phase=reconnecting error=TimeoutException after 0:01:13.250000: Timed out while attempting to flush local ICE candidate; receiver phase=reconnecting error=TimeoutException after 0:01:13.250000: Timed out while attempting to request ICE restart [media under floor: 142 from-peer / 44 to-peer vs 150/150 — consistent with a call that never connected; routing evidence absent, so an unshaped-path cause is not excluded]
2026-08-09T03:59:30Z	loss60	messaging_survival_test.dart	FAIL/STRESS	1.096	60.0	467	846593	-	-	-	-	-	-	criterion=msg-survival(all delivered + intact; times recorded as baseline); text None/5; photo not intact; voice not intact; text p50 Nonems max Nonems; photo 49152B in Nonems; voice 24576B in Nonems; The following TimeoutException was thrown running a test: connect budget (450s + 5s) exhausted; initiator phase=reconnecting error=TimeoutException after 0:01:13.250000: Timed out while attempting to send offer; receiver phase=reconnecting error=TimeoutException after 0:01:13.250000: Timed out while attempting to request ICE restart [media under floor: 386 from-peer / 81 to-peer vs 150/150 — consistent with a call that never connected; routing evidence absent, so an unshaped-path cause is not excluded]
2026-08-09T04:10:10Z	loss60	messaging_survival_test.dart	FAIL/STRESS	1.010	70.0	328	622317	-	-	-	-	-	-	criterion=msg-survival(all delivered + intact; times recorded as baseline); text None/5; photo not intact; voice not intact; text p50 Nonems max Nonems; photo 49152B in Nonems; voice 24576B in Nonems; The following TimeoutException was thrown running a test: connect budget (450s + 5s) exhausted; initiator phase=reconnecting error=TimeoutException after 0:01:13.250000: Timed out while attempting to send local ICE candidate; receiver phase=reconnecting error=TimeoutException after 0:01:13.250000: Timed out while attempting to send local ICE candidate [media under floor: 264 from-peer / 64 to-peer vs 150/150 — consistent with a call that never connected; routing evidence absent, so an unshaped-path cause is not excluded]
2026-08-09T04:25:06Z	loss60	messaging_survival_test.dart	FAIL/STRESS	0.928	90.0	1074	877921	-	-	-	-	-	-	criterion=msg-survival(all delivered + intact; times recorded as baseline); text None/5; photo not intact; voice not intact; text p50 Nonems max Nonems; photo 49152B in Nonems; voice 24576B in Nonems; The following TimeoutException was thrown running a test: connect budget (450s + 5s) exhausted; initiator phase=reconnecting error=TimeoutException after 0:01:13.250000: Timed out while attempting to send local ICE candidate; receiver phase=reconnecting error=Unable to RTCPeerConnection::setRemoteDescription: Error Failed to set remote offer sdp: The [media under floor: 941 from-peer / 133 to-peer vs 150/150 — consistent with a call that never connected; routing evidence absent, so an unshaped-path cause is not excluded]
2026-08-09T04:31:32Z	extreme	messaging_survival_test.dart	FAIL/STRESS	2043.853	30.0	4916	359069	-	-	-	-	-	-	criterion=msg-survival(all delivered + intact; times recorded as baseline); text None/5; photo not intact; voice not intact; text p50 Nonems max Nonems; photo 49152B in Nonems; voice 24576B in Nonems; The following TimeoutException was thrown running a test: text 0 not delivered within 76s When the exception was thrown, this was the stack: #0      main.<anonymous closure>.waitUntil.<anonymous closure> (file:///Users/behnam/Downloads/voice_call_kit_v3/apps/reference_app/integration_test/messaging_survival_test.dart:316:32)
2026-08-09T04:38:24Z	extreme	messaging_survival_test.dart	FAIL/STRESS	2043.623	30.0	7311	391502	-	-	-	-	-	-	criterion=msg-survival(all delivered + intact; times recorded as baseline); text None/5; photo not intact; voice not intact; text p50 Nonems max Nonems; photo 49152B in Nonems; voice 24576B in Nonems; The following TimeoutException was thrown running a test: text 0 not delivered within 76s When the exception was thrown, this was the stack: #0      main.<anonymous closure>.waitUntil.<anonymous closure> (file:///Users/behnam/Downloads/voice_call_kit_v3/apps/reference_app/integration_test/messaging_survival_test.dart:316:32)
2026-08-09T04:45:14Z	extreme	messaging_survival_test.dart	FAIL/STRESS	2042.571	80.0	1307	383127	-	-	-	-	-	-	criterion=msg-survival(all delivered + intact; times recorded as baseline); text None/5; photo not intact; voice not intact; text p50 Nonems max Nonems; photo 49152B in Nonems; voice 24576B in Nonems; The following TimeoutException was thrown running a test: connect budget (195s + 5s) exhausted; initiator phase=reconnecting error=TimeoutException after 0:00:36.459000: Timed out while attempting to send local ICE candidate; receiver phase=reconnecting error=CallControllerException(media_failed): Media connection became failed
2026-08-09T04:51:58Z	extreme	messaging_survival_test.dart	FAIL/STRESS	2043.178	30.0	8246	383282	-	-	-	-	-	-	criterion=msg-survival(all delivered + intact; times recorded as baseline); text None/5; photo not intact; voice not intact; text p50 Nonems max Nonems; photo 49152B in Nonems; voice 24576B in Nonems; The following TimeoutException was thrown running a test: text 0 not delivered within 76s When the exception was thrown, this was the stack: #0      main.<anonymous closure>.waitUntil.<anonymous closure> (file:///Users/behnam/Downloads/voice_call_kit_v3/apps/reference_app/integration_test/messaging_survival_test.dart:316:32)
2026-08-09T07:27:07Z	loss60	loopback_call_test.dart	INVALID/UNROUTED	1.132	90.0	0	282279	-	-	-	-	-	-	only 0 from-peer / 0 to-peer shape-eligible UDP packets crossed en6 (need >= 300 each, >= 600 total) — the test did not use the shaped path
2026-08-09T07:33:03Z	loss60	loopback_call_test.dart	INVALID/UNROUTED	0.876	90.0	0	338331	-	-	-	-	-	-	only 0 from-peer / 0 to-peer shape-eligible UDP packets crossed en6 (need >= 300 each, >= 600 total) — the test did not use the shaped path
2026-08-09T09:08:01Z	loss60	loopback_call_test.dart	INVALID/UNROUTED	1.327	70.0	682	241802	-	-	-	-	-	-	only 486 from-peer / 196 to-peer shape-eligible UDP packets crossed bridge100 (need >= 300 each, >= 600 total) — the test did not use the shaped path
2026-08-09T09:12:59Z	loss60	loopback_call_test.dart	INVALID/UNROUTED	?	100.0	603	177369	-	-	-	-	-	-	only 485 from-peer / 118 to-peer shape-eligible UDP packets crossed bridge100 (need >= 300 each, >= 600 total) — the test did not use the shaped path
2026-08-09T09:22:24Z	loss60	loopback_call_test.dart	FAIL/STRESS	1.204	70.0	5756	452083	-	-	-	-	-	-	criterion=stress(connect<=432s,recovery<=447s,independent); no SLA_SUMMARY: the stress criterion needs measured connect/recovery (run sla_thresholds_test.dart);   TimeoutException after 0:05:00.000000: Test timed out after 5 minutes.
2026-08-09T09:30:23Z	loss60	loopback_call_test.dart	INVALID/UNROUTED	1.757	90.0	1859	456943	-	-	-	-	-	-	only 1606 from-peer / 253 to-peer shape-eligible UDP packets crossed bridge100 (need >= 300 each, >= 600 total) — the test did not use the shaped path
2026-08-09T10:46:32Z	loss60	loopback_call_test.dart	TOOLING/NO-ATTACH	1.328	70.0	3140	1204981	-	-	-	-	-	-	mDNS query for an attached iOS device failed.
2026-08-09T10:50:24Z	loss60	loopback_call_test.dart	INVALID/UNROUTED	0.968	80.0	513	209494	-	-	-	-	-	-	only 433 from-peer / 80 to-peer shape-eligible UDP packets crossed bridge100 (need >= 300 each, >= 600 total) — the test did not use the shaped path
2026-08-09T11:01:01Z	loss60	loopback_call_test.dart	INVALID/UNROUTED	1.130	60.0	133	521709	-	-	-	-	-	-	only 113 from-peer / 20 to-peer shape-eligible UDP packets crossed bridge100 (need >= 300 each, >= 600 total) — the test did not use the shaped path
2026-08-09T11:11:13Z	loss60	loopback_call_test.dart	INVALID/UNROUTED	1.352	70.0	1655	498733	-	-	-	-	-	-	only 1465 from-peer / 190 to-peer shape-eligible UDP packets crossed bridge100 (need >= 300 each, >= 600 total) — the test did not use the shaped path
2026-08-09T11:21:19Z	loss60	loopback_call_test.dart	INVALID/UNROUTED	2.388	90.0	155	492285	-	-	-	-	-	-	only 135 from-peer / 20 to-peer shape-eligible UDP packets crossed bridge100 (need >= 300 each, >= 600 total) — the test did not use the shaped path
2026-08-09T11:31:26Z	loss60	loopback_call_test.dart	INVALID/UNROUTED	1.269	70.0	162	494071	-	-	-	-	-	-	only 130 from-peer / 32 to-peer shape-eligible UDP packets crossed bridge100 (need >= 300 each, >= 600 total) — the test did not use the shaped path
2026-08-09T11:38:15Z	loss60	loopback_call_test.dart	INVALID/UNROUTED	1.013	70.0	302	295755	-	-	-	-	-	-	only 243 from-peer / 59 to-peer shape-eligible UDP packets crossed bridge100 (need >= 300 each, >= 600 total) — the test did not use the shaped path
2026-08-09T11:48:06Z	loss60	loopback_call_test.dart	INVALID/UNROUTED	1.302	90.0	400	478170	-	-	-	-	-	-	only 328 from-peer / 72 to-peer shape-eligible UDP packets crossed bridge100 (need >= 300 each, >= 600 total) — the test did not use the shaped path
2026-08-09T11:58:22Z	loss60	loopback_call_test.dart	INVALID/UNROUTED	1.234	80.0	538	503122	-	-	-	-	-	-	only 485 from-peer / 53 to-peer shape-eligible UDP packets crossed bridge100 (need >= 300 each, >= 600 total) — the test did not use the shaped path
2026-08-09T12:09:15Z	loss60	loopback_call_test.dart	INVALID/UNROUTED	1.222	80.0	393	539236	-	-	-	-	-	-	only 301 from-peer / 92 to-peer shape-eligible UDP packets crossed bridge100 (need >= 300 each, >= 600 total) — the test did not use the shaped path
2026-08-09T12:19:07Z	loss60	loopback_call_test.dart	INVALID/UNROUTED	1.194	90.0	345	479240	-	-	-	-	-	-	only 287 from-peer / 58 to-peer shape-eligible UDP packets crossed bridge100 (need >= 300 each, >= 600 total) — the test did not use the shaped path
2026-08-09T12:29:09Z	loss60	loopback_call_test.dart	INVALID/UNROUTED	1.202	60.0	389	487825	-	-	-	-	-	-	only 354 from-peer / 35 to-peer shape-eligible UDP packets crossed bridge100 (need >= 300 each, >= 600 total) — the test did not use the shaped path
2026-08-09T12:39:36Z	loss60	loopback_call_test.dart	INVALID/UNROUTED	?	100.0	299	503817	-	-	-	-	-	-	only 241 from-peer / 58 to-peer shape-eligible UDP packets crossed bridge100 (need >= 300 each, >= 600 total) — the test did not use the shaped path
2026-08-09T12:49:55Z	loss60	loopback_call_test.dart	INVALID/UNROUTED	1.380	70.0	541	505505	-	-	-	-	-	-	only 443 from-peer / 98 to-peer shape-eligible UDP packets crossed bridge100 (need >= 300 each, >= 600 total) — the test did not use the shaped path
2026-08-09T12:59:34Z	loss60	loopback_call_test.dart	INVALID/UNROUTED	1.312	40.0	172	465626	-	-	-	-	-	-	only 123 from-peer / 49 to-peer shape-eligible UDP packets crossed bridge100 (need >= 300 each, >= 600 total) — the test did not use the shaped path
2026-08-09T13:05:03Z	loss60	loopback_call_test.dart	FAIL/STRESS	1.132	50.0	4736	216325	-	-	-	-	-	-	criterion=stress(connect<=432s,recovery<=447s,independent); no SLA_SUMMARY: the stress criterion needs measured connect/recovery (run sla_thresholds_test.dart)
2026-08-09T13:14:53Z	loss60	video_survival_test.dart	TOOLING/NO-ATTACH	1.025	60.0	6169	385864	-	-	-	-	-	-	devicectl launch denied -> Xcode fallback (mDNS-only, dead on bridge100); killed early after 2 retries
2026-08-09T13:22:49Z	loss60	video_survival_test.dart	TOOLING/NO-ATTACH	0.782	60.0	6669	393359	-	-	-	-	-	-	devicectl launch denied -> Xcode fallback (mDNS-only, dead on bridge100); killed early after 2 retries
2026-08-09T13:30:28Z	loss60	video_survival_test.dart	TOOLING/NO-ATTACH	1.271	80.0	3434	375944	-	-	-	-	-	-	devicectl launch denied -> Xcode fallback (mDNS-only, dead on bridge100); killed early after 2 retries
2026-08-09T13:37:07Z	loss60	video_survival_test.dart	TOOLING/NO-ATTACH	0.939	60.0	2951	316458	-	-	-	-	-	-	flutter could not attach to the device
2026-08-09T13:45:17Z	loss60	video_survival_test.dart	TOOLING/NO-ATTACH	1.062	40.0	4319	407662	-	-	-	-	-	-	devicectl launch denied -> Xcode fallback (mDNS-only, dead on bridge100); killed early after 2 retries
2026-08-09T13:53:30Z	loss60	video_survival_test.dart	TOOLING/NO-ATTACH	1.048	40.0	3965	410086	-	-	-	-	-	-	devicectl launch denied -> Xcode fallback (mDNS-only, dead on bridge100); killed early after 2 retries
2026-08-09T19:58:34Z	loss60	video_survival_test.dart	TOOLING/NO-ATTACH	1.233	50.0	0	370152	-	-	-	-	-	-	devicectl launch denied -> Xcode fallback (mDNS-only, dead on en6); killed early after 2 retries
2026-08-09T20:06:16Z	loss60	video_survival_test.dart	TOOLING/NO-ATTACH	0.730	80.0	0	378899	-	-	-	-	-	-	devicectl launch denied -> Xcode fallback (mDNS-only, dead on en6); killed early after 2 retries
2026-08-09T20:48:35Z	loss60	video_survival_test.dart	FAIL/STRESS	0.893	70.0	145957	994159	-	-	-	-	-	-	criterion=video-survival(delivered + sha256; times recorded as baseline); not delivered/verified: 4194304B in Nonems (None kbps, None/None chunks resumed); The following TimeoutException was thrown running a test: video not delivered within 790s (helloAcked=true, ackedChunks=4, srtt=0ms rttvar=0ms minRtt=-1ms rate=1kbps acked=4 retx=48, senderCh=[open], receiverCh=[open], phases=connected/connected) When the exception was thrown, this was the stack:
2026-08-09T20:59:27Z	loss60	video_survival_test.dart	FAIL/STRESS	0.590	50.0	35354	628347	-	-	-	-	-	-	criterion=video-survival(delivered + sha256; times recorded as baseline); not delivered/verified: 4194304B in Nonems (None kbps, None/None chunks resumed); The following TimeoutException was thrown running a test: receiver never reached connected; last phase=reconnecting error=CallControllerException(reconnect_connection_timeout): Media did not reconnect within the connection timeout
2026-08-09T21:16:08Z	loss60	video_survival_test.dart	FAIL/STRESS	0.939	70.0	138473	976965	-	-	-	-	-	-	criterion=video-survival(delivered + sha256; times recorded as baseline); not delivered/verified: 4194304B in Nonems (None kbps, None/None chunks resumed); The following TimeoutException was thrown running a test: video not delivered within 790s (helloAcked=true, ackedChunks=6, srtt=13189ms rttvar=3972ms minRtt=3048ms rate=1kbps acked=6 retx=62, senderCh=[open], receiverCh=[open], phases=connected/connected)
2026-08-09T22:12:17Z	loss60	sla_thresholds_test.dart	FAIL/STRESS	0.817	60.0	16178	3215613	-	-	-	-	-	-	criterion=stress(connect<=432s,recovery<=447s,independent); no SLA_SUMMARY: the stress criterion needs measured connect/recovery (run sla_thresholds_test.dart)
2026-08-09T22:14:38Z	loss60	sla_thresholds_test.dart	TOOLING/NO-ATTACH	0.984	80.0	2210	118142	-	-	-	-	-	-	flutter could not attach to the device
2026-08-09T22:18:44Z	loss60	sla_thresholds_test.dart	PASS/STRESS	1.275	80.0	6743	162666	4454	170.0	537.0	0	844	True	criterion=stress(connect<=432s,recovery<=447s,independent); survived: connect 4454ms, recovered 844ms, alive; All tests passed!
2026-08-09T22:50:05Z	loss60	messaging_survival_test.dart	PASS/STRESS	0.955	80.0	397712	1856964	-	-	-	-	-	-	criterion=msg-survival(all delivered + intact; times recorded as baseline); delivered intact: text p50 3.0ms max 26127ms; photo 49152B in 824035ms; voice 24576B in 815252ms; All tests passed!
2026-08-09T22:58:10Z	extreme	messaging_survival_test.dart	FAIL/STRESS	2091.658	10.0	12797	458406	-	-	-	-	-	-	criterion=msg-survival(all delivered + intact; times recorded as baseline); text None/5; photo not intact; voice not intact; text p50 Nonems max Nonems; photo 49152B in Nonems; voice 24576B in Nonems; The following TimeoutException was thrown running a test: text 0 not delivered within 76s When the exception was thrown, this was the stack: #0      main.<anonymous closure>.waitUntil.<anonymous closure> (file:///Users/behnam/Downloads/voice_call_kit_v3/apps/reference_app/integration_test/messaging_survival_test.dart:316:32)
2026-08-09T23:09:39Z	extreme	messaging_survival_test.dart	PASS/STRESS	2043.048	10.0	17349	661160	-	-	-	-	-	-	criterion=msg-survival(all delivered + intact; times recorded as baseline); delivered intact: text p50 2396.0ms max 68405ms; photo 49152B in 116811ms; voice 24576B in 85157ms; All tests passed!
2026-08-09T23:28:21Z	loss60	video_survival_test.dart	FAIL/STRESS	0.685	70.0	147168	1085616	-	-	-	-	-	-	criterion=video-survival(delivered + sha256; times recorded as baseline); not delivered/verified: 4194304B in Nonems (None kbps, None/None chunks resumed); The following TimeoutException was thrown running a test: video not delivered within 790s (helloAcked=true, ackedChunks=11, srtt=31545ms rttvar=20872ms minRtt=13302ms rate=2kbps acked=11 retx=28, senderCh=[open], receiverCh=[open], phases=connected/connected)
2026-08-09T23:45:32Z	loss60	video_survival_test.dart	FAIL/STRESS	0.628	40.0	132623	1006515	-	-	-	-	-	-	criterion=video-survival(delivered + sha256; times recorded as baseline); not delivered/verified: 4194304B in Nonems (None kbps, None/None chunks resumed); The following TimeoutException was thrown running a test: video not delivered within 790s (helloAcked=true, ackedChunks=1, srtt=739ms rttvar=557ms minRtt=567ms rate=28kbps acked=1 retx=204, senderCh=[open], receiverCh=[open], phases=connected/connected)
2026-08-10T00:11:11Z	extreme	video_survival_test.dart	PASS/STRESS	2042.891	30.0	48585	1505340	-	-	-	-	-	-	criterion=video-survival(delivered + sha256; times recorded as baseline); delivered sha-verified: 524288B in 1187459ms (4 kbps, 0/132 chunks resumed); All tests passed!
2026-08-10T01:38:29Z	loss60	video_survival_test.dart	FAIL/STRESS	0.766	40.0	143677	1080928	-	-	-	-	-	-	criterion=video-survival(delivered + sha256; times recorded as baseline); not delivered/verified: 4194304B in Nonems (None kbps, None/None chunks resumed); The following TimeoutException was thrown running a test: video (fountain) not delivered within 790s (sent=1158 decoded=172 rate=0kbps loss=93% helloAcked=true, senderCh=[open], receiverCh=[open], phases=connected/connected) When the exception was thrown, this was the stack:
2026-08-10T02:04:13Z	loss60	video_survival_test.dart	FAIL/STRESS	0.808	40.0	154075	1030548	-	-	-	-	-	-	criterion=video-survival(delivered + sha256; times recorded as baseline); not delivered/verified: 4194304B in Nonems (None kbps, None/None chunks resumed); The following TimeoutException was thrown running a test: video (fountain) not delivered within 790s (sent=2814 decoded=587 rate=0kbps loss=93% helloAcked=true, senderCh=[open], receiverCh=[open], phases=connected/connected) When the exception was thrown, this was the stack:
2026-08-10T07:18:32Z	loss60	video_survival_test.dart	PASS/STRESS	0.856	40.0	73992	608833	-	-	-	-	-	-	criterion=video-survival(delivered + sha256; times recorded as baseline); delivered sha-verified: 4194304B in 303564ms (111 kbps, None/None chunks resumed); All tests passed!
2026-08-10T08:37:11Z	loss60	video_survival_test.dart	PASS/STRESS	0.856	50.0	82176	567034	-	-	-	-	-	-	criterion=video-survival(delivered + sha256; times recorded as baseline); delivered sha-verified: 4194304B in 314744ms (107 kbps, None/None chunks resumed); All tests passed!
2026-08-10T10:26:57Z	loss60	messaging_survival_test.dart	FAIL/STRESS	1.026	60.0	198812	1325558	-	-	-	-	-	-	criterion=msg-survival(all delivered + intact; times recorded as baseline); photo not intact; voice not intact; text p50 507.0ms max 38474ms; photo 49152B in Nonems; voice 24576B in Nonems; The following StateError was thrown running a test: Bad state: attachment photo chunk 1 failed delivery (failed) When the exception was thrown, this was the stack: #0      startAttachmentSend.<anonymous closure> (package:messaging/src/attachment_transfer.dart:290:11)
2026-08-10T11:16:19Z	loss60	messaging_survival_test.dart	FAIL/STRESS	0.908	70.0	169513	1178312	-	-	-	-	-	-	criterion=msg-survival(all delivered + intact; times recorded as baseline); photo not intact; text p50 803.0ms max 9011ms; photo 98304B in Nonems; voice 24576B in 505454ms; The following TimeoutException was thrown running a test: staged photo not delivered within 420s (fountain lane) When the exception was thrown, this was the stack: #0      main.<anonymous closure>.<anonymous closure> (file:///Users/behnam/Downloads/voice_call_kit_v3/apps/reference_app/integration_test/messaging_survival_test.dart:556:32)
2026-08-10T11:37:16Z	loss60	messaging_survival_test.dart	FAIL/STRESS	0.787	30.0	29925	343388	-	-	-	-	-	-	criterion=msg-survival(all delivered + intact; times recorded as baseline); photo not intact; text p50 1683.0ms max 3851ms; photo 98304B in Nonems; voice 24576B in 85964ms; The following TimeoutException was thrown running a test: TimeoutException after 0:00:30.000000: Future not completed When the exception was thrown, this was the stack: <asynchronous suspension>
2026-08-10T11:54:43Z	loss60	messaging_survival_test.dart	PASS/STRESS	0.920	60.0	87854	513071	-	-	-	-	-	-	criterion=msg-survival(all delivered + intact; times recorded as baseline); delivered intact: text p50 417.0ms max 811ms; photo 98304B in 106415ms; voice 24576B in 195213ms; All tests passed!
2026-08-11T09:03:13Z	clean	sla_thresholds_test.dart	PASS	1.162	0.0	928	290385	1641	18.0	20.0	0	94	True	criterion=sla; All tests passed!
2026-08-11T10:09:39Z	clean	sla_thresholds_test.dart	PASS	1.121	0.0	2165	196650	2918	17.0	22.0	0	92	True	criterion=sla; All tests passed!
2026-08-11T10:13:53Z	loss60	sla_thresholds_test.dart	PASS/STRESS	1.192	70.0	5665	189278	6668	184.0	612.0	0	735	True	criterion=stress(connect<=432s,recovery<=447s,independent); survived: connect 6668ms, recovered 735ms, alive; All tests passed!
2026-08-11T10:18:34Z	loss60	sla_thresholds_test.dart	PASS/STRESS	0.902	40.0	7058	209004	9385	259.0	572.0	0	243	True	criterion=stress(connect<=432s,recovery<=447s,independent); survived: connect 9385ms, recovered 243ms, alive; All tests passed!
2026-08-11T10:33:47Z	extreme	sla_thresholds_test.dart	PASS/STRESS	2043.562	10.0	25151	871082	163848	7674.0	13757.0	0	6856	True	criterion=stress(connect<=195s,recovery<=210s,independent); survived: connect 163848ms, recovered 6856ms, alive; All tests passed!
2026-08-11T10:39:10Z	latency	sla_thresholds_test.dart	FAIL	1801.234	0.0	1338	269048	-	-	-	-	-	-	criterion=sla; The following TimeoutException was thrown running a test: connect budget (59s + 5s) exhausted; initiator phase=reconnecting error=CallControllerException(initial_connection_timeout): Negotiation did not produce a connected call within one modeled attempt cost (20s); receiver phase=reconnecting
2026-08-11T10:46:23Z	latency	sla_thresholds_test.dart	PASS	1801.462	0.0	39223	389102	35880	3620.0	3623.0	0	5496	True	criterion=sla; All tests passed!
2026-08-11T10:51:58Z	loss10	sla_thresholds_test.dart	PASS	1.235	10.0	2172	206719	7861	20.0	280.0	0	95	True	criterion=sla; All tests passed!
2026-08-11T11:05:13Z	extreme	sla_thresholds_test.dart	PASS/STRESS	2044.074	10.0	18333	760054	81905	5362.0	8661.0	5	7848	True	criterion=stress(connect<=195s,recovery<=210s,independent); survived: connect 81905ms, recovered 7848ms, alive; All tests passed!
2026-08-11T11:09:36Z	normal	sla_thresholds_test.dart	PASS	81.454	0.0	3501	212396	4583	183.0	187.0	0	369	True	criterion=sla; All tests passed!
2026-08-11T11:14:13Z	bandwidth	sla_thresholds_test.dart	PASS	23.520	0.0	2686	262592	23809	136.0	241.0	0	302	True	criterion=sla; All tests passed!
2026-08-11T11:19:09Z	narrow	sla_thresholds_test.dart	PASS	43.113	0.0	4789	281496	24827	279.0	1203.0	0	922	True	criterion=sla; All tests passed!
2026-08-11T11:24:48Z	normal	messaging_survival_test.dart	FAIL	81.263	0.0	30096	291822	-	-	-	-	-	-	criterion=msg-survival(all delivered + intact; times recorded as baseline); photo not intact; text p50 88.0ms max 975ms; photo 98304B in Nonems; voice 24576B in 813ms; The following TimeoutException was thrown running a test: staged photo not delivered within 120s (srtt=0ms rttvar=0ms minRtt=-1ms rate=0kbps acked=0 retx=0) When the exception was thrown, this was the stack: #0      main.<anonymous closure>.<anonymous closure> (file:///Users/behnam/Downloads/voice_call_kit_v3/apps/reference_app/integration_test/messaging_survival_test.dart:570:32)
2026-08-11T11:31:23Z	normal	messaging_survival_test.dart	FAIL	81.446	0.0	30403	313069	-	-	-	-	-	-	criterion=msg-survival(all delivered + intact; times recorded as baseline); photo not intact; text p50 88.0ms max 1325ms; photo 98304B in Nonems; voice 24576B in 805ms; The following TimeoutException was thrown running a test: staged photo not delivered within 120s (srtt=0ms rttvar=0ms minRtt=-1ms rate=0kbps acked=0 retx=0) When the exception was thrown, this was the stack: #0      main.<anonymous closure>.<anonymous closure> (file:///Users/behnam/Downloads/voice_call_kit_v3/apps/reference_app/integration_test/messaging_survival_test.dart:570:32)
2026-08-11T11:36:36Z	loss10	messaging_survival_test.dart	FAIL	1.043	10.0	29390	296011	-	-	-	-	-	-	criterion=msg-survival(all delivered + intact; times recorded as baseline); photo not intact; text p50 2.0ms max 1545ms; photo 98304B in Nonems; voice 24576B in 45ms; The following TimeoutException was thrown running a test: staged photo not delivered within 120s (srtt=0ms rttvar=0ms minRtt=-1ms rate=0kbps acked=0 retx=0) When the exception was thrown, this was the stack: #0      main.<anonymous closure>.<anonymous closure> (file:///Users/behnam/Downloads/voice_call_kit_v3/apps/reference_app/integration_test/messaging_survival_test.dart:570:32)
